Workbook

Sheet Oct 2023
A1: PAYLOAD REPORT BY ROUTE AND MONTH OCT 2023
C2: Aversen | F2: Aversen | I2: Aversen | L2: Jerome | O2: Jerome | R2: Aversen | U2: Ansar | X2: Ansar | AA2: Ansar | AD2: Ansar | AG2: Ansar | AJ2: Brent | AM2: Brent | AP2: Brent | AS2: Brent | AV2: Brent | AY2: Sune | BB2: Sune | BE2: Sune | BH2: Sune | BJ2: Total vehicles
B3: Route Kzn - Western Cape | E3: Route Kzn - Northern Cape | H3: Route Kzn - Gauteng | K3: Route Kzn - Kzn Dealer | N3: Route DCT - VDC / Other S/Yard | Q3: Route Kzn - Other | T3: Route Western Cape to PE | W3: Route Western Cape to EL | Z3: Route Western Cape to Kzn | AC3: Route Western Cape to GP | AF3: Route Western Cape to Other | AI3: Route PE - Kzn | AL3: Route PE - Western Cape | AO3: Route PE - Gauteng | AR3: Route PE - Freestate | AU3: Route PE - Other | AX3: Route Gauteng - Kzn | BA3: Route Gauteng - Eastern Cape | BD3: Route Gauteng - Western Cape | BG3: Route Gauteng - Other | BJ3: TOTALS
A4: DAY DATE | B4: Total vehicles | C4: Total Carriers | D4: Payload | E4: Total vehicles | F4: Total Carriers | G4: Payload | H4: Total vehicles | I4: Total Carriers | J4: Payload | K4: Total vehicles | L4: Total Carriers | M4: Payload | N4: Total vehicles | O4: Total Carriers | P4: Payload | Q4: Total vehicles | R4: Total Carriers | S4: Payload | T4: Total vehicles | U4: Total Carriers | V4: Payload | W4: Total vehicles | X4: Total Carriers | Y4: Payload | Z4: Total vehicles | AA4: Total Carriers | AB4: Payload | AC4: Total vehicles | AD4: Total Carriers | AE4: Payload | AF4: Total vehicles | AG4: Total Carriers | AH4: Payload | AI4: Total vehicles | AJ4: Total Carriers | AK4: Payload | AL4: Total vehicles | AM4: Total Carriers | AN4: Payload | AO4: Total vehicles | AP4: Total Carriers | AQ4: Payload | AR4: Total vehicles | AS4: Total Carriers | AT4: Payload | AU4: Total vehicles | AV4: Total Carriers | AW4: Payload | AX4: Total vehicles | AY4: Total Carriers | AZ4: Payload | BA4: Total vehicles | BB4: Total Carriers | BC4: Payload | BD4: Total vehicles | BE4: Total Carriers | BF4: Payload | BG4: Total vehicles | BH4: Total Carriers | BI4: Payload | BJ4: Total vehicles | BK4: Total Carriers | BL4: Payload
A5: 45200 | B5: 36 | C5: 4 | D5: =IF(C5=0,"",B5/C5) -> 9 | E5: 8 | F5: 1 | G5: =IF(F5=0,"",E5/F5) -> 8 | H5: 0 | I5: 0 | J5: 0 | K5: 17 | L5: 3 | M5: =IF(L5=0,"",K5/L5) -> 5.6666667 | N5: 232 | O5: 36 | P5: =IF(O5=0,"",N5/O5) -> 6.4444444 | Q5: 0 | R5: 0 | S5: =IF(R5=0,"",Q5/R5) | T5: 0 | U5: 0 | V5: =IF(U5=0,"",T5/U5) | W5: 0 | X5: 0 | Y5: 0 | Z5: 0 | AA5: 0 | AB5: 0 | AC5: 0 | AD5: 0 | AE5: 0 | AF5: 0 | AG5: 0 | AH5: 0 | AI5: 26 | AJ5: 4 | AK5: =IF(AJ5=0,"",AI5/AJ5) -> 6.5 | AL5: 0 | AM5: 0 | AN5: 0 | AO5: 0 | AP5: 0 | AQ5: 0 | AR5: 0 | AS5: 0 | AT5: 0 | AU5: 0 | AV5: 0 | AW5: 0 | AX5: 7 | AY5: 1 | AZ5: =IF(AY5=0,"",AX5/AY5) -> 7 | BA5: 0 | BB5: 0 | BC5: 0 | BD5: 0 | BE5: 0 | BF5: 0 | BG5: 0 | BH5: 0 | BI5: 0 | BJ5: =BG5+BD5+BA5+AX5+AU5+AR5+AO5+AL5+AI5+Q5+N5+K5+H5+E5+AF5+AC5+Z5+W5+T5+B5 -> 326 | BK5: =BH5+BE5+BB5+AY5+AV5+AS5+AP5+AM5+AJ5+R5+O5+L5+I5+F5+AG5+AD5+AA5+X5+U5+C5 -> 49 | BL5: =IF(BK5=0,"",BJ5/BK5) -> 6.6530612
A6: 45201 | B6: 45 | C6: 5 | D6: =IF(C6=0,"",B6/C6) -> 9 | E6: 0 | F6: 0 | G6: - | H6: 0 | I6: 0 | J6: 0 | K6: 31 | L6: 5 | M6: =IF(L6=0,"",K6/L6) -> 6.2 | N6: 370 | O6: 60 | P6: =IF(O6=0,"",N6/O6) -> 6.1666667 | Q6: 0 | R6: 0 | S6: =IF(R6=0,"",Q6/R6) | T6: 5 | U6: 1 | V6: =IF(U6=0,"",T6/U6) -> 5 | W6: 0 | X6: 0 | Y6: 0 | Z6: 0 | AA6: 0 | AB6: 0 | AC6: 0 | AD6: 0 | AE6: 0 | AF6: 1 | AG6: 1 | AH6: 0 | AI6: 19 | AJ6: 3 | AK6: =IF(AJ6=0,"",AI6/AJ6) -> 6.3333333 | AL6: 0 | AM6: 0 | AN6: 0 | AO6: 0 | AP6: 0 | AQ6: 0 | AR6: 0 | AS6: 0 | AT6: 0 | AU6: 0 | AV6: 0 | AW6: 0 | AX6: 0 | AY6: 0 | AZ6: 0 | BA6: 0 | BB6: 0 | BC6: 0 | BD6: 0 | BE6: 0 | BF6: 0 | BG6: 0 | BH6: 0 | BI6: 0 | BJ6: =BG6+BD6+BA6+AX6+AU6+AR6+AO6+AL6+AI6+Q6+N6+K6+H6+E6+AF6+AC6+Z6+W6+T6+B6 -> 471 | BK6: =BH6+BE6+BB6+AY6+AV6+AS6+AP6+AM6+AJ6+R6+O6+L6+I6+F6+AG6+AD6+AA6+X6+U6+C6 -> 75 | BL6: =IF(BK6=0,"",BJ6/BK6) -> 6.28
A7: 45202 | B7: 93 | C7: 11 | D7: =IF(C7=0,"",B7/C7) -> 8.4545455 | E7: 8 | F7: 1 | G7: =IF(F7=0,"",E7/F7) -> 8 | H7: 0 | I7: 0 | J7: 0 | K7: 46 | L7: 8 | M7: =IF(L7=0,"",K7/L7) -> 5.75 | N7: 297 | O7: 50 | P7: =IF(O7=0,"",N7/O7) -> 5.94 | Q7: 0 | R7: 0 | S7: =IF(R7=0,"",Q7/R7) | T7: 1 | U7: 1 | V7: =IF(U7=0,"",T7/U7) -> 1 | W7: 0 | X7: 0 | Y7: 0 | Z7: 0 | AA7: 0 | AB7: 0 | AC7: 0 | AD7: 0 | AE7: 0 | AF7: 0 | AG7: 0 | AH7: 0 | AI7: 13 | AJ7: 2 | AK7: =IF(AJ7=0,"",AI7/AJ7) -> 6.5 | AL7: 0 | AM7: 0 | AN7: 0 | AO7: 0 | AP7: 0 | AQ7: 0 | AR7: 0 | AS7: 0 | AT7: 0 | AU7: 0 | AV7: 0 | AW7: 0 | AX7: 0 | AY7: 0 | AZ7: 0 | BA7: 0 | BB7: 0 | BC7: 0 | BD7: 0 | BE7: 0 | BF7: 0 | BG7: 0 | BH7: 0 | BI7: 0 | BJ7: =BG7+BD7+BA7+AX7+AU7+AR7+AO7+AL7+AI7+Q7+N7+K7+H7+E7+AF7+AC7+Z7+W7+T7+B7 -> 458 | BK7: =BH7+BE7+BB7+AY7+AV7+AS7+AP7+AM7+AJ7+R7+O7+L7+I7+F7+AG7+AD7+AA7+X7+U7+C7 -> 73 | BL7: =IF(BK7=0,"",BJ7/BK7) -> 6.2739726
A8: 45203 | B8: 61 | C8: 7 | D8: =IF(C8=0,"",B8/C8) -> 8.7142857 | E8: 8 | F8: 1 | G8: =IF(F8=0,"",E8/F8) -> 8 | H8: 18 | I8: 2 | J8: =IF(I8=0,"",H8/I8) -> 9 | K8: 69 | L8: 14 | M8: =IF(L8=0,"",K8/L8) -> 4.9285714 | N8: 25 | O8: 4 | P8: =IF(O8=0,"",N8/O8) -> 6.25 | Q8: 0 | R8: 0 | S8: =IF(R8=0,"",Q8/R8) | T8: 3 | U8: 1 | V8: =IF(U8=0,"",T8/U8) -> 3 | W8: 0 | X8: 0 | Y8: 0 | Z8: 0 | AA8: 0 | AB8: 0 | AC8: 0 | AD8: 0 | AE8: 0 | AF8: 0 | AG8: 0 | AH8: 0 | AI8: 30 | AJ8: 4 | AK8: =IF(AJ8=0,"",AI8/AJ8) -> 7.5 | AL8: 0 | AM8: 0 | AN8: 0 | AO8: 0 | AP8: 0 | AQ8: 0 | AR8: 0 | AS8: 0 | AT8: 0 | AU8: 0 | AV8: 0 | AW8: 0 | AX8: 0 | AY8: 0 | AZ8: 0 | BA8: 0 | BB8: 0 | BC8: 0 | BD8: 0 | BE8: 0 | BF8: 0 | BG8: 0 | BH8: 0 | BI8: 0 | BJ8: =BG8+BD8+BA8+AX8+AU8+AR8+AO8+AL8+AI8+Q8+N8+K8+H8+E8+AF8+AC8+Z8+W8+T8+B8 -> 214 | BK8: =BH8+BE8+BB8+AY8+AV8+AS8+AP8+AM8+AJ8+R8+O8+L8+I8+F8+AG8+AD8+AA8+X8+U8+C8 -> 33 | BL8: =IF(BK8=0,"",BJ8/BK8) -> 6.4848485
A9: 45204 | B9: 58 | C9: 6 | D9: =IF(C9=0,"",B9/C9) -> 9.6666667 | E9: 5 | F9: 1 | G9: =IF(F9=0,"",E9/F9) -> 5 | H9: 21 | I9: 3 | J9: =IF(I9=0,"",H9/I9) -> 7 | K9: 15 | L9: 3 | M9: =IF(L9=0,"",K9/L9) -> 5 | N9: 0 | O9: 0 | P9: =IF(O9=0,"",N9/O9) | Q9: 16 | R9: 2 | S9: =IF(R9=0,"",Q9/R9) -> 8 | T9: 0 | U9: 0 | V9: =IF(U9=0,"",T9/U9) | W9: 0 | X9: 0 | Y9: 0 | Z9: 0 | AA9: 0 | AB9: 0 | AC9: 0 | AD9: 0 | AE9: 0 | AF9: 0 | AG9: 0 | AH9: 0 | AI9: 26 | AJ9: 3 | AK9: =IF(AJ9=0,"",AI9/AJ9) -> 8.6666667 | AL9: 0 | AM9: 0 | AN9: 0 | AO9: 0 | AP9: 0 | AQ9: 0 | AR9: 0 | AS9: 0 | AT9: 0 | AU9: 0 | AV9: 0 | AW9: 0 | AX9: 8 | AY9: 1 | AZ9: =IF(AY9=0,"",AX9/AY9) -> 8 | BA9: 0 | BB9: 0 | BC9: 0 | BD9: 0 | BE9: 0 | BF9: 0 | BG9: 0 | BH9: 0 | BI9: 0 | BJ9: =BG9+BD9+BA9+AX9+AU9+AR9+AO9+AL9+AI9+Q9+N9+K9+H9+E9+AF9+AC9+Z9+W9+T9+B9 -> 149 | BK9: =BH9+BE9+BB9+AY9+AV9+AS9+AP9+AM9+AJ9+R9+O9+L9+I9+F9+AG9+AD9+AA9+X9+U9+C9 -> 19 | BL9: =IF(BK9=0,"",BJ9/BK9) -> 7.8421053
A10: 45205 | B10: 53 | C10: 6 | D10: =IF(C10=0,"",B10/C10) -> 8.8333333 | E10: 18 | F10: 3 | G10: =IF(F10=0,"",E10/F10) -> 6 | H10: 0 | I10: 0 | J10: 0 | K10: 24 | L10: 5 | M10: =IF(L10=0,"",K10/L10) -> 4.8 | N10: 0 | O10: 0 | P10: =IF(O10=0,"",N10/O10) | Q10: 0 | R10: 0 | S10: =IF(R10=0,"",Q10/R10) | T10: 6 | U10: 2 | V10: =IF(U10=0,"",T10/U10) -> 3 | W10: 0 | X10: 0 | Y10: 0 | Z10: 0 | AA10: 0 | AB10: 0 | AC10: 0 | AD10: 0 | AE10: 0 | AF10: 0 | AG10: 0 | AH10: 0 | AI10: 26 | AJ10: 3 | AK10: =IF(AJ10=0,"",AI10/AJ10) -> 8.6666667 | AL10: 0 | AM10: 0 | AN10: 0 | AO10: 0 | AP10: 0 | AQ10: 0 | AR10: 0 | AS10: 0 | AT10: 0 | AU10: 0 | AV10: 0 | AW10: 0 | AX10: 18 | AY10: 3 | AZ10: =IF(AY10=0,"",AX10/AY10) -> 6 | BA10: 0 | BB10: 0 | BC10: 0 | BD10: 0 | BE10: 0 | BF10: 0 | BG10: 1 | BH10: 1 | BI10: =IF(BH10=0,"",BG10/BH10) -> 1 | BJ10: =BG10+BD10+BA10+AX10+AU10+AR10+AO10+AL10+AI10+Q10+N10+K10+H10+E10+AF10+AC10+Z10+W10+T10+B10 -> 146 | BK10: =BH10+BE10+BB10+AY10+AV10+AS10+AP10+AM10+AJ10+R10+O10+L10+I10+F10+AG10+AD10+AA10+X10+U10+C10 -> 23 | BL10: =IF(BK10=0,"",BJ10/BK10) -> 6.3478261
A11: 45206 | B11: 129 | C11: 16 | D11: =IF(C11=0,"",B11/C11) -> 8.0625 | E11: 0 | F11: 0 | G11: 0 | H11: 0 | I11: 0 | J11: 0 | K11: 0 | L11: 0 | M11: 0 | N11: 0 | O11: 0 | P11: =IF(O11=0,"",N11/O11) | Q11: 0 | R11: 0 | S11: =IF(R11=0,"",Q11/R11) | T11: 0 | U11: 0 | V11: =IF(U11=0,"",T11/U11) | W11: 0 | X11: 0 | Y11: 0 | Z11: 0 | AA11: 0 | AB11: 0 | AC11: 0 | AD11: 0 | AE11: 0 | AF11: 0 | AG11: 0 | AH11: 0 | AI11: 8 | AJ11: 1 | AK11: =IF(AJ11=0,"",AI11/AJ11) -> 8 | AL11: 0 | AM11: 0 | AN11: 0 | AO11: 0 | AP11: 0 | AQ11: 0 | AR11: 7 | AS11: 1 | AT11: =IF(AS11=0,"",AR11/AS11) -> 7 | AU11: 0 | AV11: 0 | AW11: 0 | AX11: 0 | AY11: 0 | AZ11: 0 | BA11: 0 | BB11: 0 | BC11: 0 | BD11: 0 | BE11: 0 | BF11: 0 | BG11: 0 | BH11: 0 | BI11: 0 | BJ11: =BG11+BD11+BA11+AX11+AU11+AR11+AO11+AL11+AI11+Q11+N11+K11+H11+E11+AF11+AC11+Z11+W11+T11+B11 -> 144 | BK11: =BH11+BE11+BB11+AY11+AV11+AS11+AP11+AM11+AJ11+R11+O11+L11+I11+F11+AG11+AD11+AA11+X11+U11+C11 -> 18 | BL11: =IF(BK11=0,"",BJ11/BK11) -> 8
A12: 45207 | B12: 40 | C12: 5 | D12: =IF(C12=0,"",B12/C12) -> 8 | E12: 0 | F12: 0 | G12: 0 | H12: 0 | I12: 0 | J12: 0 | K12: 0 | L12: 0 | M12: 0 | N12: 0 | O12: 0 | P12: =IF(O12=0,"",N12/O12) | Q12: 0 | R12: 0 | S12: =IF(R12=0,"",Q12/R12) | T12: 0 | U12: 0 | V12: =IF(U12=0,"",T12/U12) | W12: 0 | X12: 0 | Y12: 0 | Z12: 0 | AA12: 0 | AB12: 0 | AC12: 0 | AD12: 0 | AE12: 0 | AF12: 0 | AG12: 0 | AH12: 0 | AI12: 30 | AJ12: 4 | AK12: =IF(AJ12=0,"",AI12/AJ12) -> 7.5 | AL12: 0 | AM12: 0 | AN12: 0 | AO12: 0 | AP12: 0 | AQ12: 0 | AR12: 0 | AS12: 0 | AT12: 0 | AU12: 0 | AV12: 0 | AW12: 0 | AX12: 8 | AY12: 1 | AZ12: =IF(AY12=0,"",AX12/AY12) -> 8 | BA12: 0 | BB12: 0 | BC12: 0 | BD12: 0 | BE12: 0 | BF12: 0 | BG12: 0 | BH12: 0 | BI12: 0 | BJ12: =BG12+BD12+BA12+AX12+AU12+AR12+AO12+AL12+AI12+Q12+N12+K12+H12+E12+AF12+AC12+Z12+W12+T12+B12 -> 78 | BK12: =BH12+BE12+BB12+AY12+AV12+AS12+AP12+AM12+AJ12+R12+O12+L12+I12+F12+AG12+AD12+AA12+X12+U12+C12 -> 10 | BL12: =IF(BK12=0,"",BJ12/BK12) -> 7.8
A13: 45208 | B13: 16 | C13: 2 | D13: =IF(C13=0,"",B13/C13) -> 8 | E13: 0 | F13: 0 | G13: 0 | H13: 6 | I13: 1 | J13: =IF(I13=0,"",H13/I13) -> 6 | K13: 5 | L13: 1 | M13: =IF(L13=0,"",K13/L13) -> 5 | N13: 329 | O13: 63 | P13: =IF(O13=0,"",N13/O13) -> 5.2222222 | Q13: 19 | R13: 5 | S13: =IF(R13=0,"",Q13/R13) -> 3.8 | T13: 0 | U13: 0 | V13: =IF(U13=0,"",T13/U13) | W13: 0 | X13: 0 | Y13: 0 | Z13: 0 | AA13: 0 | AB13: 0 | AC13: 0 | AD13: 0 | AE13: 0 | AF13: 20 | AG13: 5 | AH13: =IF(AG13=0,"",AF13/AG13) -> 4 | AI13: 8 | AJ13: 1 | AK13: =IF(AJ13=0,"",AI13/AJ13) -> 8 | AL13: 0 | AM13: 0 | AN13: 0 | AO13: 0 | AP13: 0 | AQ13: 0 | AR13: 5 | AS13: 1 | AT13: =IF(AS13=0,"",AR13/AS13) -> 5 | AU13: 0 | AV13: 0 | AW13: 0 | AX13: 0 | AY13: 0 | AZ13: 0 | BA13: 0 | BB13: 0 | BC13: 0 | BD13: 0 | BE13: 0 | BF13: 0 | BG13: 0 | BH13: 0 | BI13: 0 | BJ13: =BG13+BD13+BA13+AX13+AU13+AR13+AO13+AL13+AI13+Q13+N13+K13+H13+E13+AF13+AC13+Z13+W13+T13+B13 -> 408 | BK13: =BH13+BE13+BB13+AY13+AV13+AS13+AP13+AM13+AJ13+R13+O13+L13+I13+F13+AG13+AD13+AA13+X13+U13+C13 -> 79 | BL13: =IF(BK13=0,"",BJ13/BK13) -> 5.164557
A14: 45209 | B14: 29 | C14: 4 | D14: =IF(C14=0,"",B14/C14) -> 7.25 | E14: 7 | F14: 1 | G14: =IF(F14=0,"",E14/F14) -> 7 | H14: 6 | I14: 1 | J14: =IF(I14=0,"",H14/I14) -> 6 | K14: 11 | L14: 2 | M14: =IF(L14=0,"",K14/L14) -> 5.5 | N14: 4 | O14: 1 | P14: =IF(O14=0,"",N14/O14) -> 4 | Q14: 25 | R14: 1 | S14: =IF(R14=0,"",Q14/R14) -> 25 | T14: 8 | U14: 1 | V14: =IF(U14=0,"",T14/U14) -> 8 | W14: 0 | X14: 0 | Y14: 0 | Z14: 0 | AA14: 0 | AB14: 0 | AC14: 0 | AD14: 0 | AE14: 0 | AF14: 3 | AG14: 1 | AH14: =IF(AG14=0,"",AF14/AG14) -> 3 | AI14: 27 | AJ14: 3 | AK14: =IF(AJ14=0,"",AI14/AJ14) -> 9 | AL14: 0 | AM14: 0 | AN14: 0 | AO14: 0 | AP14: 0 | AQ14: 0 | AR14: 0 | AS14: 0 | AT14: 0 | AU14: 0 | AV14: 0 | AW14: 0 | AX14: 5 | AY14: 1 | AZ14: =IF(AY14=0,"",AX14/AY14) -> 5 | BA14: 0 | BB14: 0 | BC14: 0 | BD14: 0 | BE14: 0 | BF14: 0 | BG14: 2 | BH14: 1 | BI14: =IF(BH14=0,"",BG14/BH14) -> 2 | BJ14: =BG14+BD14+BA14+AX14+AU14+AR14+AO14+AL14+AI14+Q14+N14+K14+H14+E14+AF14+AC14+Z14+W14+T14+B14 -> 127 | BK14: =BH14+BE14+BB14+AY14+AV14+AS14+AP14+AM14+AJ14+R14+O14+L14+I14+F14+AG14+AD14+AA14+X14+U14+C14 -> 17 | BL14: =IF(BK14=0,"",BJ14/BK14) -> 7.4705882
A15: 45210 | B15: 19 | C15: 4 | D15: =IF(C15=0,"",B15/C15) -> 4.75 | E15: 0 | F15: 0 | G15: 0 | H15: 36 | I15: 4 | J15: =IF(I15=0,"",H15/I15) -> 9 | K15: 12 | L15: 2 | M15: =IF(L15=0,"",K15/L15) -> 6 | N15: 48 | O15: 10 | P15: =IF(O15=0,"",N15/O15) -> 4.8 | Q15: 37 | R15: 6 | S15: =IF(R15=0,"",Q15/R15) -> 6.1666667 | T15: 0 | U15: 0 | V15: =IF(U15=0,"",T15/U15) | W15: 0 | X15: 0 | Y15: 0 | Z15: 1 | AA15: 1 | AB15: =IF(AA15=0,"",Z15/AA15) -> 1 | AC15: 0 | AD15: 0 | AE15: 0 | AF15: 0 | AG15: 0 | AH15: 0 | AI15: 50 | AJ15: 6 | AK15: =IF(AJ15=0,"",AI15/AJ15) -> 8.3333333 | AL15: 0 | AM15: 0 | AN15: 0 | AO15: 0 | AP15: 0 | AQ15: 0 | AR15: 0 | AS15: 0 | AT15: 0 | AU15: 0 | AV15: 0 | AW15: 0 | AX15: 6 | AY15: 1 | AZ15: =IF(AY15=0,"",AX15/AY15) -> 6 | BA15: 0 | BB15: 0 | BC15: 0 | BD15: 0 | BE15: 0 | BF15: 0 | BG15: 0 | BH15: 0 | BI15: 0 | BJ15: =BG15+BD15+BA15+AX15+AU15+AR15+AO15+AL15+AI15+Q15+N15+K15+H15+E15+AF15+AC15+Z15+W15+T15+B15 -> 209 | BK15: =BH15+BE15+BB15+AY15+AV15+AS15+AP15+AM15+AJ15+R15+O15+L15+I15+F15+AG15+AD15+AA15+X15+U15+C15 -> 34 | BL15: =IF(BK15=0,"",BJ15/BK15) -> 6.1470588
A16: 45211 | B16: 48 | C16: 6 | D16: =IF(C16=0,"",B16/C16) -> 8 | E16: 7 | F16: 1 | G16: =IF(F16=0,"",E16/F16) -> 7 | H16: 0 | I16: 0 | J16: 0 | K16: 29 | L16: 5 | M16: =IF(L16=0,"",K16/L16) -> 5.8 | N16: 0 | O16: 0 | P16: =IF(O16=0,"",N16/O16) | Q16: 0 | R16: 0 | S16: =IF(R16=0,"",Q16/R16) | T16: 8 | U16: 1 | V16: =IF(U16=0,"",T16/U16) -> 8 | W16: 0 | X16: 0 | Y16: 0 | Z16: 0 | AA16: 0 | AB16: 0 | AC16: 0 | AD16: 0 | AE16: 0 | AF16: 0 | AG16: 0 | AH16: 0 | AI16: 36 | AJ16: 4 | AK16: =IF(AJ16=0,"",AI16/AJ16) -> 9 | AL16: 0 | AM16: 0 | AN16: 0 | AO16: 0 | AP16: 0 | AQ16: 0 | AR16: 0 | AS16: 0 | AT16: 0 | AU16: 0 | AV16: 0 | AW16: 0 | AX16: 32 | AY16: 4 | AZ16: =IF(AY16=0,"",AX16/AY16) -> 8 | BA16: 0 | BB16: 0 | BC16: 0 | BD16: 0 | BE16: 0 | BF16: 0 | BG16: 0 | BH16: 0 | BI16: 0 | BJ16: =BG16+BD16+BA16+AX16+AU16+AR16+AO16+AL16+AI16+Q16+N16+K16+H16+E16+AF16+AC16+Z16+W16+T16+B16 -> 160 | BK16: =BH16+BE16+BB16+AY16+AV16+AS16+AP16+AM16+AJ16+R16+O16+L16+I16+F16+AG16+AD16+AA16+X16+U16+C16 -> 21 | BL16: =IF(BK16=0,"",BJ16/BK16) -> 7.6190476
A17: 45212 | B17: 138 | C17: 14 | D17: =IF(C17=0,"",B17/C17) -> 9.8571429 | E17: 0 | F17: 0 | G17: 0 | H17: 9 | I17: 1 | J17: =IF(I17=0,"",H17/I17) -> 9 | K17: 5 | L17: 1 | M17: =IF(L17=0,"",K17/L17) -> 5 | N17: 0 | O17: 0 | P17: =IF(O17=0,"",N17/O17) | Q17: 0 | R17: 0 | S17: =IF(R17=0,"",Q17/R17) | T17: 1 | U17: 1 | V17: =IF(U17=0,"",T17/U17) -> 1 | W17: 0 | X17: 0 | Y17: 0 | Z17: 1 | AA17: 1 | AB17: =IF(AA17=0,"",Z17/AA17) -> 1 | AC17: 0 | AD17: 0 | AE17: 0 | AF17: 0 | AG17: 0 | AH17: 0 | AI17: 42 | AJ17: 5 | AK17: =IF(AJ17=0,"",AI17/AJ17) -> 8.4 | AL17: 0 | AM17: 0 | AN17: 0 | AO17: 0 | AP17: 0 | AQ17: 0 | AR17: 0 | AS17: 0 | AT17: 0 | AU17: 0 | AV17: 0 | AW17: 0 | AX17: 6 | AY17: 1 | AZ17: =IF(AY17=0,"",AX17/AY17) -> 6 | BA17: 0 | BB17: 0 | BC17: 0 | BD17: 0 | BE17: 0 | BF17: 0 | BG17: 0 | BH17: 0 | BI17: 0 | BJ17: =BG17+BD17+BA17+AX17+AU17+AR17+AO17+AL17+AI17+Q17+N17+K17+H17+E17+AF17+AC17+Z17+W17+T17+B17 -> 202 | BK17: =BH17+BE17+BB17+AY17+AV17+AS17+AP17+AM17+AJ17+R17+O17+L17+I17+F17+AG17+AD17+AA17+X17+U17+C17 -> 24 | BL17: =IF(BK17=0,"",BJ17/BK17) -> 8.4166667
A18: 45213 | B18: 63 | C18: 7 | D18: =IF(C18=0,"",B18/C18) -> 9 | E18: 7 | F18: 1 | G18: =IF(F18=0,"",E18/F18) -> 7 | H18: 0 | I18: 0 | J18: 0 | K18: 5 | L18: 1 | M18: =IF(L18=0,"",K18/L18) -> 5 | N18: 0 | O18: 0 | P18: =IF(O18=0,"",N18/O18) | Q18: 9 | R18: 1 | S18: =IF(R18=0,"",Q18/R18) -> 9 | T18: 8 | U18: 2 | V18: =IF(U18=0,"",T18/U18) -> 4 | W18: 0 | X18: 0 | Y18: 0 | Z18: 1 | AA18: 1 | AB18: =IF(AA18=0,"",Z18/AA18) -> 1 | AC18: 0 | AD18: 0 | AE18: 0 | AF18: 0 | AG18: 0 | AH18: 0 | AI18: 9 | AJ18: 1 | AK18: =IF(AJ18=0,"",AI18/AJ18) -> 9 | AL18: 0 | AM18: 0 | AN18: 0 | AO18: 0 | AP18: 0 | AQ18: 0 | AR18: 0 | AS18: 0 | AT18: 0 | AU18: 0 | AV18: 0 | AW18: 0 | AX18: 5 | AY18: 1 | AZ18: =IF(AY18=0,"",AX18/AY18) -> 5 | BA18: 0 | BB18: 0 | BC18: 0 | BD18: 0 | BE18: 0 | BF18: 0 | BG18: 0 | BH18: 0 | BI18: 0 | BJ18: =BG18+BD18+BA18+AX18+AU18+AR18+AO18+AL18+AI18+Q18+N18+K18+H18+E18+AF18+AC18+Z18+W18+T18+B18 -> 107 | BK18: =BH18+BE18+BB18+AY18+AV18+AS18+AP18+AM18+AJ18+R18+O18+L18+I18+F18+AG18+AD18+AA18+X18+U18+C18 -> 15 | BL18: =IF(BK18=0,"",BJ18/BK18) -> 7.1333333
A19: 45214 | B19: 64 | C19: 7 | D19: =IF(C19=0,"",B19/C19) -> 9.1428571 | E19: 0 | F19: 0 | G19: 0 | H19: 17 | I19: 3 | J19: =IF(I19=0,"",H19/I19) -> 5.6666667 | K19: 49 | L19: 7 | M19: =IF(L19=0,"",K19/L19) -> 7 | N19: 123 | O19: 28 | P19: =IF(O19=0,"",N19/O19) -> 4.3928571 | Q19: 0 | R19: 0 | S19: =IF(R19=0,"",Q19/R19) | T19: 0 | U19: 0 | V19: =IF(U19=0,"",T19/U19) | W19: 0 | X19: 0 | Y19: 0 | Z19: 0 | AA19: 0 | AB19: 0 | AC19: 0 | AD19: 0 | AE19: 0 | AF19: 0 | AG19: 0 | AH19: 0 | AI19: 17 | AJ19: 3 | AK19: =IF(AJ19=0,"",AI19/AJ19) -> 5.6666667 | AL19: 0 | AM19: 0 | AN19: 0 | AO19: 0 | AP19: 0 | AQ19: 0 | AR19: 13 | AS19: 2 | AT19: =IF(AS19=0,"",AR19/AS19) -> 6.5 | AU19: 1 | AV19: 1 | AW19: =IF(AV19=0,"",AU19/AV19) -> 1 | AX19: 0 | AY19: 0 | AZ19: 0 | BA19: 0 | BB19: 0 | BC19: 0 | BD19: 0 | BE19: 0 | BF19: 0 | BG19: 0 | BH19: 0 | BI19: 0 | BJ19: =BG19+BD19+BA19+AX19+AU19+AR19+AO19+AL19+AI19+Q19+N19+K19+H19+E19+AF19+AC19+Z19+W19+T19+B19 -> 284 | BK19: =BH19+BE19+BB19+AY19+AV19+AS19+AP19+AM19+AJ19+R19+O19+L19+I19+F19+AG19+AD19+AA19+X19+U19+C19 -> 51 | BL19: =IF(BK19=0,"",BJ19/BK19) -> 5.5686275
A20: 45215 | B20: 25 | C20: 3 | D20: =IF(C20=0,"",B20/C20) -> 8.3333333 | E20: 0 | F20: 0 | G20: 0 | H20: 0 | I20: 0 | J20: 0 | K20: 83 | L20: 13 | M20: =IF(L20=0,"",K20/L20) -> 6.3846154 | N20: 7 | O20: 2 | P20: =IF(O20=0,"",N20/O20) -> 3.5 | Q20: 0 | R20: 0 | S20: =IF(R20=0,"",Q20/R20) | T20: 9 | U20: 1 | V20: =IF(U20=0,"",T20/U20) -> 9 | W20: 0 | X20: 0 | Y20: 0 | Z20: 0 | AA20: 0 | AB20: 0 | AC20: 0 | AD20: 0 | AE20: 0 | AF20: 4 | AG20: 1 | AH20: =IF(AG20=0,"",AF20/AG20) -> 4 | AI20: 9 | AJ20: 1 | AK20: =IF(AJ20=0,"",AI20/AJ20) -> 9 | AL20: 0 | AM20: 0 | AN20: 0 | AO20: 0 | AP20: 0 | AQ20: 0 | AR20: 0 | AS20: 0 | AT20: 0 | AU20: 0 | AV20: 0 | AW20: 0 | AX20: 10 | AY20: 2 | AZ20: =IF(AY20=0,"",AX20/AY20) -> 5 | BA20: 0 | BB20: 0 | BC20: 0 | BD20: 0 | BE20: 0 | BF20: 0 | BG20: 0 | BH20: 0 | BI20: 0 | BJ20: =BG20+BD20+BA20+AX20+AU20+AR20+AO20+AL20+AI20+Q20+N20+K20+H20+E20+AF20+AC20+Z20+W20+T20+B20 -> 147 | BK20: =BH20+BE20+BB20+AY20+AV20+AS20+AP20+AM20+AJ20+R20+O20+L20+I20+F20+AG20+AD20+AA20+X20+U20+C20 -> 23 | BL20: =IF(BK20=0,"",BJ20/BK20) -> 6.3913043
A21: 45216 | B21: 88 | C21: 12 | D21: =IF(C21=0,"",B21/C21) -> 7.3333333 | E21: 12 | F21: 2 | G21: =IF(F21=0,"",E21/F21) -> 6 | H21: 0 | I21: 0 | J21: 0 | K21: 31 | L21: 5 | M21: =IF(L21=0,"",K21/L21) -> 6.2 | N21: 231 | O21: 37 | P21: =IF(O21=0,"",N21/O21) -> 6.2432432 | Q21: 0 | R21: 0 | S21: =IF(R21=0,"",Q21/R21) | T21: 0 | U21: 0 | V21: =IF(U21=0,"",T21/U21) | W21: 0 | X21: 0 | Y21: 0 | Z21: 0 | AA21: 0 | AB21: 0 | AC21: 7 | AD21: 1 | AE21: =IF(AD21=0,"",AC21/AD21) -> 7 | AF21: 0 | AG21: 0 | AH21: 0 | AI21: 23 | AJ21: 3 | AK21: =IF(AJ21=0,"",AI21/AJ21) -> 7.6666667 | AL21: 0 | AM21: 0 | AN21: 0 | AO21: 0 | AP21: 0 | AQ21: 0 | AR21: 6 | AS21: 1 | AT21: 0 | AU21: 6 | AV21: 1 | AW21: =IF(AV21=0,"",AU21/AV21) -> 6 | AX21: 0 | AY21: 0 | AZ21: 0 | BA21: 0 | BB21: 0 | BC21: 0 | BD21: 0 | BE21: 0 | BF21: 0 | BG21: 0 | BH21: 0 | BI21: 0 | BJ21: =BG21+BD21+BA21+AX21+AU21+AR21+AO21+AL21+AI21+Q21+N21+K21+H21+E21+AF21+AC21+Z21+W21+T21+B21 -> 404 | BK21: =BH21+BE21+BB21+AY21+AV21+AS21+AP21+AM21+AJ21+R21+O21+L21+I21+F21+AG21+AD21+AA21+X21+U21+C21 -> 62 | BL21: =IF(BK21=0,"",BJ21/BK21) -> 6.516129
A22: 45217 | B22: 38 | C22: 5 | D22: =IF(C22=0,"",B22/C22) -> 7.6 | E22: 8 | F22: 1 | G22: =IF(F22=0,"",E22/F22) -> 8 | H22: 0 | I22: 0 | J22: 0 | K22: 60 | L22: 10 | M22: =IF(L22=0,"",K22/L22) -> 6 | N22: 130 | O22: 24 | P22: =IF(O22=0,"",N22/O22) -> 5.4166667 | Q22: 12 | R22: 2 | S22: =IF(R22=0,"",Q22/R22) -> 6 | T22: 3 | U22: 1 | V22: =IF(U22=0,"",T22/U22) -> 3 | W22: 0 | X22: 0 | Y22: 0 | Z22: 0 | AA22: 0 | AB22: 0 | AC22: 1 | AD22: 1 | AE22: =IF(AD22=0,"",AC22/AD22) -> 1 | AF22: 2 | AG22: 1 | AH22: =IF(AG22=0,"",AF22/AG22) -> 2 | AI22: 25 | AJ22: 3 | AK22: =IF(AJ22=0,"",AI22/AJ22) -> 8.3333333 | AL22: 0 | AM22: 0 | AN22: 0 | AO22: 0 | AP22: 0 | AQ22: 0 | AR22: 0 | AS22: 0 | AT22: 0 | AU22: 0 | AV22: 0 | AW22: 0 | AX22: 6 | AY22: 1 | AZ22: =IF(AY22=0,"",AX22/AY22) -> 6 | BA22: 0 | BB22: 0 | BC22: 0 | BD22: 0 | BE22: 0 | BF22: 0 | BG22: 0 | BH22: 0 | BI22: 0 | BJ22: =BG22+BD22+BA22+AX22+AU22+AR22+AO22+AL22+AI22+Q22+N22+K22+H22+E22+AF22+AC22+Z22+W22+T22+B22 -> 285 | BK22: =BH22+BE22+BB22+AY22+AV22+AS22+AP22+AM22+AJ22+R22+O22+L22+I22+F22+AG22+AD22+AA22+X22+U22+C22 -> 49 | BL22: =IF(BK22=0,"",BJ22/BK22) -> 5.8163265
A23: 45218 | B23: 51 | C23: 6 | D23: =IF(C23=0,"",B23/C23) -> 8.5 | E23: 8 | F23: 1 | G23: =IF(F23=0,"",E23/F23) -> 8 | H23: 0 | I23: 0 | J23: 0 | K23: 40 | L23: 8 | M23: =IF(L23=0,"",K23/L23) -> 5 | N23: 6 | O23: 2 | P23: =IF(O23=0,"",N23/O23) -> 3 | Q23: 0 | R23: 0 | S23: =IF(R23=0,"",Q23/R23) | T23: 2 | U23: 1 | V23: =IF(U23=0,"",T23/U23) -> 2 | W23: 0 | X23: 0 | Y23: 0 | Z23: 0 | AA23: 0 | AB23: 0 | AC23: 0 | AD23: 0 | AE23: 0 | AF23: 0 | AG23: 0 | AH23: 0 | AI23: 6 | AJ23: 1 | AK23: =IF(AJ23=0,"",AI23/AJ23) -> 6 | AL23: 0 | AM23: 0 | AN23: 0 | AO23: 12 | AP23: 2 | AQ23: =IF(AP23=0,"",AO23/AP23) -> 6 | AR23: 7 | AS23: 1 | AT23: =IF(AS23=0,"",AR23/AS23) -> 7 | AU23: 0 | AV23: 0 | AW23: 0 | AX23: 0 | AY23: 0 | AZ23: 0 | BA23: 0 | BB23: 0 | BC23: 0 | BD23: 0 | BE23: 0 | BF23: 0 | BG23: 0 | BH23: 0 | BI23: 0 | BJ23: =BG23+BD23+BA23+AX23+AU23+AR23+AO23+AL23+AI23+Q23+N23+K23+H23+E23+AF23+AC23+Z23+W23+T23+B23 -> 132 | BK23: =BH23+BE23+BB23+AY23+AV23+AS23+AP23+AM23+AJ23+R23+O23+L23+I23+F23+AG23+AD23+AA23+X23+U23+C23 -> 22 | BL23: =IF(BK23=0,"",BJ23/BK23) -> 6
A24: 45219 | B24: 16 | C24: 2 | D24: =IF(C24=0,"",B24/C24) -> 8 | E24: 2 | F24: 1 | G24: =IF(F24=0,"",E24/F24) -> 2 | H24: 0 | I24: 0 | J24: 0 | K24: 14 | L24: 3 | M24: =IF(L24=0,"",K24/L24) -> 4.6666667 | N24: 0 | O24: 0 | P24: =IF(O24=0,"",N24/O24) | Q24: 27 | R24: 4 | S24: =IF(R24=0,"",Q24/R24) -> 6.75 | T24: 3 | U24: 1 | V24: =IF(U24=0,"",T24/U24) -> 3 | W24: 0 | X24: 0 | Y24: 0 | Z24: 0 | AA24: 0 | AB24: 0 | AC24: 0 | AD24: 0 | AE24: 0 | AF24: 0 | AG24: 0 | AH24: 0 | AI24: 8 | AJ24: 1 | AK24: =IF(AJ24=0,"",AI24/AJ24) -> 8 | AL24: 2 | AM24: 1 | AN24: =IF(AM24=0,"",AL24/AM24) -> 2 | AO24: 7 | AP24: 1 | AQ24: =IF(AP24=0,"",AO24/AP24) -> 7 | AR24: 0 | AS24: 0 | AT24: 0 | AU24: 6 | AV24: 1 | AW24: =IF(AV24=0,"",AU24/AV24) -> 6 | AX24: 0 | AY24: 0 | AZ24: 0 | BA24: 0 | BB24: 0 | BC24: 0 | BD24: 0 | BE24: 0 | BF24: 0 | BG24: 0 | BH24: 0 | BI24: 0 | BJ24: =BG24+BD24+BA24+AX24+AU24+AR24+AO24+AL24+AI24+Q24+N24+K24+H24+E24+AF24+AC24+Z24+W24+T24+B24 -> 85 | BK24: =BH24+BE24+BB24+AY24+AV24+AS24+AP24+AM24+AJ24+R24+O24+L24+I24+F24+AG24+AD24+AA24+X24+U24+C24 -> 15 | BL24: =IF(BK24=0,"",BJ24/BK24) -> 5.6666667
A25: 45220 | B25: 90 | C25: 10 | D25: =IF(C25=0,"",B25/C25) -> 9 | E25: 0 | F25: 0 | G25: 0 | H25: 0 | I25: 0 | J25: 0 | K25: 10 | L25: 2 | M25: =IF(L25=0,"",K25/L25) -> 5 | N25: 6 | O25: 1 | P25: =IF(O25=0,"",N25/O25) -> 6 | Q25: 29 | R25: 3 | S25: =IF(R25=0,"",Q25/R25) -> 9.6666667 | T25: 0 | U25: 0 | V25: =IF(U25=0,"",T25/U25) | W25: 0 | X25: 0 | Y25: 0 | Z25: 0 | AA25: 0 | AB25: 0 | AC25: 0 | AD25: 0 | AE25: 0 | AF25: 0 | AG25: 0 | AH25: 0 | AI25: 8 | AJ25: 1 | AK25: =IF(AJ25=0,"",AI25/AJ25) -> 8 | AL25: 0 | AM25: 0 | AN25: 0 | AO25: 0 | AP25: 0 | AQ25: 0 | AR25: 0 | AS25: 0 | AT25: 0 | AU25: 0 | AV25: 0 | AW25: 0 | AX25: 0 | AY25: 0 | AZ25: 0 | BA25: 0 | BB25: 0 | BC25: 0 | BD25: 0 | BE25: 0 | BF25: 0 | BG25: 0 | BH25: 0 | BI25: 0 | BJ25: =BG25+BD25+BA25+AX25+AU25+AR25+AO25+AL25+AI25+Q25+N25+K25+H25+E25+AF25+AC25+Z25+W25+T25+B25 -> 143 | BK25: =BH25+BE25+BB25+AY25+AV25+AS25+AP25+AM25+AJ25+R25+O25+L25+I25+F25+AG25+AD25+AA25+X25+U25+C25 -> 17 | BL25: =IF(BK25=0,"",BJ25/BK25) -> 8.4117647
A26: 45221 | B26: 0 | C26: 0 | D26: 0 | E26: 0 | F26: 0 | G26: 0 | H26: 0 | I26: 0 | J26: 0 | K26: 0 | L26: 0 | M26: 0 | N26: 0 | O26: 0 | P26: =IF(O26=0,"",N26/O26) | Q26: 0 | R26: 0 | S26: =IF(R26=0,"",Q26/R26) | T26: 0 | U26: 0 | V26: =IF(U26=0,"",T26/U26) | W26: 0 | X26: 0 | Y26: 0 | Z26: 0 | AA26: 0 | AB26: 0 | AC26: 0 | AD26: 0 | AE26: 0 | AF26: 0 | AG26: 0 | AH26: 0 | AI26: 49 | AJ26: 7 | AK26: =IF(AJ26=0,"",AI26/AJ26) -> 7 | AL26: 0 | AM26: 0 | AN26: 0 | AO26: 0 | AP26: 0 | AQ26: 0 | AR26: 7 | AS26: 1 | AT26: =IF(AS26=0,"",AR26/AS26) -> 7 | AU26: 0 | AV26: 0 | AW26: 0 | AX26: 4 | AY26: 1 | AZ26: =IF(AY26=0,"",AX26/AY26) -> 4 | BA26: 0 | BB26: 0 | BC26: 0 | BD26: 0 | BE26: 0 | BF26: 0 | BG26: 0 | BH26: 0 | BI26: 0 | BJ26: =BG26+BD26+BA26+AX26+AU26+AR26+AO26+AL26+AI26+Q26+N26+K26+H26+E26+AF26+AC26+Z26+W26+T26+B26 -> 60 | BK26: =BH26+BE26+BB26+AY26+AV26+AS26+AP26+AM26+AJ26+R26+O26+L26+I26+F26+AG26+AD26+AA26+X26+U26+C26 -> 9 | BL26: =IF(BK26=0,"",BJ26/BK26) -> 6.6666667
A27: 45222 | B27: 59 | C27: 7 | D27: =IF(C27=0,"",B27/C27) -> 8.4285714 | E27: 13 | F27: 2 | G27: =IF(F27=0,"",E27/F27) -> 6.5 | H27: 0 | I27: 0 | J27: 0 | K27: 17 | L27: 3 | M27: =IF(L27=0,"",K27/L27) -> 5.6666667 | N27: 241 | O27: 41 | P27: =IF(O27=0,"",N27/O27) -> 5.8780488 | Q27: 0 | R27: 0 | S27: =IF(R27=0,"",Q27/R27) | T27: 7 | U27: 1 | V27: =IF(U27=0,"",T27/U27) -> 7 | W27: 0 | X27: 0 | Y27: 0 | Z27: 0 | AA27: 0 | AB27: 0 | AC27: 0 | AD27: 0 | AE27: 0 | AF27: 2 | AG27: 1 | AH27: =IF(AG27=0,"",AF27/AG27) -> 2 | AI27: 6 | AJ27: 1 | AK27: =IF(AJ27=0,"",AI27/AJ27) -> 6 | AL27: 0 | AM27: 0 | AN27: 0 | AO27: 0 | AP27: 0 | AQ27: 0 | AR27: 0 | AS27: 0 | AT27: 0 | AU27: 0 | AV27: 0 | AW27: 0 | AX27: 0 | AY27: 0 | AZ27: 0 | BA27: 0 | BB27: 0 | BC27: 0 | BD27: 0 | BE27: 0 | BF27: 0 | BG27: 0 | BH27: 0 | BI27: 0 | BJ27: =BG27+BD27+BA27+AX27+AU27+AR27+AO27+AL27+AI27+Q27+N27+K27+H27+E27+AF27+AC27+Z27+W27+T27+B27 -> 345 | BK27: =BH27+BE27+BB27+AY27+AV27+AS27+AP27+AM27+AJ27+R27+O27+L27+I27+F27+AG27+AD27+AA27+X27+U27+C27 -> 56 | BL27: =IF(BK27=0,"",BJ27/BK27) -> 6.1607143
A28: 45223 | B28: 51 | C28: 7 | D28: =IF(C28=0,"",B28/C28) -> 7.2857143 | E28: 7 | F28: 1 | G28: =IF(F28=0,"",E28/F28) -> 7 | H28: 0 | I28: 0 | J28: 0 | K28: 62 | L28: 11 | M28: =IF(L28=0,"",K28/L28) -> 5.6363636 | N28: 0 | O28: 0 | P28: =IF(O28=0,"",N28/O28) | Q28: 17 | R28: 2 | S28: =IF(R28=0,"",Q28/R28) -> 8.5 | T28: 1 | U28: 1 | V28: =IF(U28=0,"",T28/U28) -> 1 | W28: 0 | X28: 0 | Y28: =IF(X28=0,"",W28/X28) | Z28: 2 | AA28: 1 | AB28: =IF(AA28=0,"",Z28/AA28) -> 2 | AC28: 0 | AD28: 0 | AE28: 0 | AF28: 1 | AG28: 1 | AH28: =IF(AG28=0,"",AF28/AG28) -> 1 | AI28: 26 | AJ28: 4 | AK28: =IF(AJ28=0,"",AI28/AJ28) -> 6.5 | AL28: 0 | AM28: 0 | AN28: 0 | AO28: 0 | AP28: 0 | AQ28: 0 | AR28: 0 | AS28: 0 | AT28: =IF(AS28=0,"",AR28/AS28) | AU28: 0 | AV28: 0 | AW28: 0 | AX28: 0 | AY28: 0 | AZ28: 0 | BA28: 0 | BB28: 0 | BC28: 0 | BD28: 0 | BE28: 0 | BF28: 0 | BG28: 0 | BH28: 0 | BI28: 0 | BJ28: =BG28+BD28+BA28+AX28+AU28+AR28+AO28+AL28+AI28+Q28+N28+K28+H28+E28+AF28+AC28+Z28+W28+T28+B28 -> 167 | BK28: =BH28+BE28+BB28+AY28+AV28+AS28+AP28+AM28+AJ28+R28+O28+L28+I28+F28+AG28+AD28+AA28+X28+U28+C28 -> 28 | BL28: =IF(BK28=0,"",BJ28/BK28) -> 5.9642857
A29: 45224 | B29: 17 | C29: 2 | D29: =IF(C29=0,"",B29/C29) -> 8.5 | E29: 7 | F29: 1 | G29: =IF(F29=0,"",E29/F29) -> 7 | H29: 0 | I29: 0 | J29: 0 | K29: 32 | L29: 6 | M29: =IF(L29=0,"",K29/L29) -> 5.3333333 | N29: 0 | O29: 0 | P29: =IF(O29=0,"",N29/O29) | Q29: 25 | R29: 3 | S29: =IF(R29=0,"",Q29/R29) -> 8.3333333 | T29: 0 | U29: 0 | V29: =IF(U29=0,"",T29/U29) | W29: 0 | X29: 0 | Y29: 0 | Z29: 0 | AA29: 0 | AB29: 0 | AC29: 0 | AD29: 0 | AE29: 0 | AF29: 1 | AG29: 1 | AH29: =IF(AG29=0,"",AF29/AG29) -> 1 | AI29: 13 | AJ29: 2 | AK29: =IF(AJ29=0,"",AI29/AJ29) -> 6.5 | AL29: 9 | AM29: 1 | AN29: =IF(AM29=0,"",AL29/AM29) -> 9 | AO29: 0 | AP29: 0 | AQ29: 0 | AR29: 6 | AS29: 1 | AT29: =IF(AS29=0,"",AR29/AS29) -> 6 | AU29: 0 | AV29: 0 | AW29: 0 | AX29: 0 | AY29: 0 | AZ29: 0 | BA29: 0 | BB29: 0 | BC29: 0 | BD29: 0 | BE29: 0 | BF29: 0 | BG29: 0 | BH29: 0 | BI29: 0 | BJ29: =BG29+BD29+BA29+AX29+AU29+AR29+AO29+AL29+AI29+Q29+N29+K29+H29+E29+AF29+AC29+Z29+W29+T29+B29 -> 110 | BK29: =BH29+BE29+BB29+AY29+AV29+AS29+AP29+AM29+AJ29+R29+O29+L29+I29+F29+AG29+AD29+AA29+X29+U29+C29 -> 17 | BL29: =IF(BK29=0,"",BJ29/BK29) -> 6.4705882
A30: 45225 | B30: 17 | C30: 2 | D30: =IF(C30=0,"",B30/C30) -> 8.5 | E30: 0 | F30: 0 | G30: 0 | H30: 22 | I30: 3 | J30: =IF(I30=0,"",H30/I30) -> 7.3333333 | K30: 23 | L30: 4 | M30: =IF(L30=0,"",K30/L30) -> 5.75 | N30: 431 | O30: 70 | P30: =IF(O30=0,"",N30/O30) -> 6.1571429 | Q30: 0 | R30: 0 | S30: =IF(R30=0,"",Q30/R30) | T30: 0 | U30: 0 | V30: =IF(U30=0,"",T30/U30) | W30: 0 | X30: 0 | Y30: 0 | Z30: 0 | AA30: 0 | AB30: 0 | AC30: 0 | AD30: 0 | AE30: 0 | AF30: 0 | AG30: 0 | AH30: 0 | AI30: 6 | AJ30: 1 | AK30: =IF(AJ30=0,"",AI30/AJ30) -> 6 | AL30: 0 | AM30: 0 | AN30: 0 | AO30: 0 | AP30: 0 | AQ30: 0 | AR30: 0 | AS30: 0 | AT30: 0 | AU30: 0 | AV30: 0 | AW30: 0 | AX30: 0 | AY30: 0 | AZ30: 0 | BA30: 0 | BB30: 0 | BC30: 0 | BD30: 0 | BE30: 0 | BF30: 0 | BG30: 0 | BH30: 0 | BI30: 0 | BJ30: =BG30+BD30+BA30+AX30+AU30+AR30+AO30+AL30+AI30+Q30+N30+K30+H30+E30+AF30+AC30+Z30+W30+T30+B30 -> 499 | BK30: =BH30+BE30+BB30+AY30+AV30+AS30+AP30+AM30+AJ30+R30+O30+L30+I30+F30+AG30+AD30+AA30+X30+U30+C30 -> 80 | BL30: =IF(BK30=0,"",BJ30/BK30) -> 6.2375
A31: 45226 | B31: 78 | C31: 9 | D31: =IF(C31=0,"",B31/C31) -> 8.6666667 | E31: 16 | F31: 2 | G31: =IF(F31=0,"",E31/F31) -> 8 | H31: 0 | I31: 0 | J31: 0 | K31: 28 | L31: 5 | M31: =IF(L31=0,"",K31/L31) -> 5.6 | N31: 191 | O31: 32 | P31: =IF(O31=0,"",N31/O31) -> 5.96875 | Q31: 0 | R31: 0 | S31: =IF(R31=0,"",Q31/R31) | T31: 5 | U31: 1 | V31: =IF(U31=0,"",T31/U31) -> 5 | W31: 0 | X31: 0 | Y31: 0 | Z31: 0 | AA31: 0 | AB31: 0 | AC31: 0 | AD31: 0 | AE31: 0 | AF31: 5 | AG31: 1 | AH31: =IF(AG31=0,"",AF31/AG31) -> 5 | AI31: 27 | AJ31: 4 | AK31: =IF(AJ31=0,"",AI31/AJ31) -> 6.75 | AL31: 0 | AM31: 0 | AN31: 0 | AO31: 0 | AP31: 0 | AQ31: 0 | AR31: 0 | AS31: 0 | AT31: 0 | AU31: 6 | AV31: 1 | AW31: =IF(AV31=0,"",AU31/AV31) -> 6 | AX31: 14 | AY31: 2 | AZ31: =IF(AY31=0,"",AX31/AY31) -> 7 | BA31: 0 | BB31: 0 | BC31: 0 | BD31: 0 | BE31: 0 | BF31: 0 | BG31: 0 | BH31: 0 | BI31: 0 | BJ31: =BG31+BD31+BA31+AX31+AU31+AR31+AO31+AL31+AI31+Q31+N31+K31+H31+E31+AF31+AC31+Z31+W31+T31+B31 -> 370 | BK31: =BH31+BE31+BB31+AY31+AV31+AS31+AP31+AM31+AJ31+R31+O31+L31+I31+F31+AG31+AD31+AA31+X31+U31+C31 -> 57 | BL31: =IF(BK31=0,"",BJ31/BK31) -> 6.4912281
A32: 45227 | B32: 49 | C32: 6 | D32: =IF(C32=0,"",B32/C32) -> 8.1666667 | E32: 0 | F32: 0 | G32: 0 | H32: 0 | I32: 0 | J32: 0 | K32: 53 | L32: 11 | M32: =IF(L32=0,"",K32/L32) -> 4.8181818 | N32: 13 | O32: 3 | P32: =IF(O32=0,"",N32/O32) -> 4.3333333 | Q32: 0 | R32: 0 | S32: =IF(R32=0,"",Q32/R32) | T32: 0 | U32: 0 | V32: =IF(U32=0,"",T32/U32) | W32: 0 | X32: 0 | Y32: 0 | Z32: 0 | AA32: 0 | AB32: 0 | AC32: 0 | AD32: 0 | AE32: 0 | AF32: 0 | AG32: 0 | AH32: 0 | AI32: 26 | AJ32: 4 | AK32: =IF(AJ32=0,"",AI32/AJ32) -> 6.5 | AL32: 10 | AM32: 1 | AN32: =IF(AM32=0,"",AL32/AM32) -> 10 | AO32: 0 | AP32: 0 | AQ32: 0 | AR32: 0 | AS32: 0 | AT32: 0 | AU32: 0 | AV32: 0 | AW32: 0 | AX32: 0 | AY32: 0 | AZ32: 0 | BA32: 0 | BB32: 0 | BC32: 0 | BD32: 0 | BE32: 0 | BF32: 0 | BG32: 0 | BH32: 0 | BI32: 0 | BJ32: =BG32+BD32+BA32+AX32+AU32+AR32+AO32+AL32+AI32+Q32+N32+K32+H32+E32+AF32+AC32+Z32+W32+T32+B32 -> 151 | BK32: =BH32+BE32+BB32+AY32+AV32+AS32+AP32+AM32+AJ32+R32+O32+L32+I32+F32+AG32+AD32+AA32+X32+U32+C32 -> 25 | BL32: =IF(BK32=0,"",BJ32/BK32) -> 6.04
A33: 45228 | B33: 42 | C33: 5 | D33: =IF(C33=0,"",B33/C33) -> 8.4 | E33: 0 | F33: 0 | G33: 0 | H33: 0 | I33: 0 | J33: 0 | K33: 0 | L33: 0 | M33: 0 | N33: 0 | O33: 0 | P33: =IF(O33=0,"",N33/O33) | Q33: 0 | R33: 0 | S33: =IF(R33=0,"",Q33/R33) | T33: 0 | U33: 0 | V33: =IF(U33=0,"",T33/U33) | W33: 0 | X33: 0 | Y33: 0 | Z33: 0 | AA33: 0 | AB33: 0 | AC33: 0 | AD33: 0 | AE33: 0 | AF33: 0 | AG33: 0 | AH33: 0 | AI33: 12 | AJ33: 2 | AK33: =IF(AJ33=0,"",AI33/AJ33) -> 6 | AL33: 0 | AM33: 0 | AN33: 0 | AO33: 0 | AP33: 0 | AQ33: 0 | AR33: 6 | AS33: 1 | AT33: =IF(AS33=0,"",AR33/AS33) -> 6 | AU33: 0 | AV33: 0 | AW33: 0 | AX33: 5 | AY33: 1 | AZ33: =IF(AY33=0,"",AX33/AY33) -> 5 | BA33: 0 | BB33: 0 | BC33: 0 | BD33: 0 | BE33: 0 | BF33: 0 | BG33: 0 | BH33: 0 | BI33: 0 | BJ33: =BG33+BD33+BA33+AX33+AU33+AR33+AO33+AL33+AI33+Q33+N33+K33+H33+E33+AF33+AC33+Z33+W33+T33+B33 -> 65 | BK33: =BH33+BE33+BB33+AY33+AV33+AS33+AP33+AM33+AJ33+R33+O33+L33+I33+F33+AG33+AD33+AA33+X33+U33+C33 -> 9 | BL33: =IF(BK33=0,"",BJ33/BK33) -> 7.2222222
A34: 45229 | B34: 9 | C34: 1 | D34: =IF(C34=0,"",B34/C34) -> 9 | E34: 0 | F34: 0 | G34: 0 | H34: 0 | I34: 0 | J34: 0 | K34: 37 | L34: 7 | M34: =IF(L34=0,"",K34/L34) -> 5.2857143 | N34: 1 | O34: 1 | P34: =IF(O34=0,"",N34/O34) -> 1 | Q34: 66 | R34: 7 | S34: =IF(R34=0,"",Q34/R34) -> 9.4285714 | T34: 2 | U34: 1 | V34: =IF(U34=0,"",T34/U34) -> 2 | W34: 0 | X34: 0 | Y34: 0 | Z34: 0 | AA34: 0 | AB34: 0 | AC34: 0 | AD34: 0 | AE34: 0 | AF34: 0 | AG34: 0 | AH34: 0 | AI34: 8 | AJ34: 1 | AK34: =IF(AJ34=0,"",AI34/AJ34) -> 8 | AL34: 0 | AM34: 0 | AN34: 0 | AO34: 0 | AP34: 0 | AQ34: 0 | AR34: 0 | AS34: 0 | AT34: 0 | AU34: 14 | AV34: 2 | AW34: =IF(AV34=0,"",AU34/AV34) -> 7 | AX34: 0 | AY34: 0 | AZ34: 0 | BA34: 0 | BB34: 0 | BC34: 0 | BD34: 0 | BE34: 0 | BF34: 0 | BG34: 0 | BH34: 0 | BI34: 0 | BJ34: =BG34+BD34+BA34+AX34+AU34+AR34+AO34+AL34+AI34+Q34+N34+K34+H34+E34+AF34+AC34+Z34+W34+T34+B34 -> 137 | BK34: =BH34+BE34+BB34+AY34+AV34+AS34+AP34+AM34+AJ34+R34+O34+L34+I34+F34+AG34+AD34+AA34+X34+U34+C34 -> 20 | BL34: =IF(BK34=0,"",BJ34/BK34) -> 6.85
A35: 45230 | B35: 34 | C35: 4 | D35: =IF(C35=0,"",B35/C35) -> 8.5 | E35: 8 | F35: 1 | G35: =IF(F35=0,"",E35/F35) -> 8 | J35: =IF(I35=0,"",H35/I35) | K35: 32 | L35: 8 | M35: =IF(L35=0,"",K35/L35) -> 4 | N35: 0 | O35: 0 | P35: =IF(O35=0,"",N35/O35) | Q35: 18 | R35: 2 | S35: =IF(R35=0,"",Q35/R35) -> 9 | T35: 0 | U35: 0 | V35: =IF(U35=0,"",T35/U35) | W35: 0 | X35: 0 | Y35: 0 | Z35: 1 | AA35: 1 | AB35: =IF(AA35=0,"",Z35/AA35) -> 1 | AC35: 0 | AD35: 0 | AE35: 0 | AF35: 0 | AG35: 0 | AH35: 0 | AI35: 7 | AJ35: 1 | AK35: =IF(AJ35=0,"",AI35/AJ35) -> 7 | AL35: 0 | AM35: 0 | AN35: 0 | AO35: 0 | AP35: 0 | AQ35: 0 | AR35: 0 | AS35: 0 | AT35: 0 | AU35: 0 | AV35: 0 | AW35: 0 | AX35: 0 | AY35: 0 | AZ35: 0 | BA35: 0 | BB35: 0 | BC35: 0 | BD35: 0 | BE35: 0 | BF35: 0 | BG35: 0 | BH35: 0 | BI35: 0 | BJ35: =BG35+BD35+BA35+AX35+AU35+AR35+AO35+AL35+AI35+Q35+N35+K35+H35+E35+AF35+AC35+Z35+W35+T35+B35 -> 100 | BK35: =BH35+BE35+BB35+AY35+AV35+AS35+AP35+AM35+AJ35+R35+O35+L35+I35+F35+AG35+AD35+AA35+X35+U35+C35 -> 17 | BL35: =IF(BK35=0,"",BJ35/BK35) -> 5.8823529
A36: Total | B36: =SUM(B5:B35) -> 1556 | C36: =SUM(C5:C35) -> 185 | D36: =B36/C36 -> 8.4108108 | E36: =SUM(E5:E35) -> 149 | F36: =SUM(F5:F35) -> 22 | G36: =E36/F36 -> 6.7727273 | H36: =SUM(H5:H35) -> 135 | I36: =SUM(I5:I35) -> 18 | J36: =H36/I36 -> 7.5 | K36: =SUM(K5:K35) -> 840 | L36: =SUM(L5:L35) -> 153 | M36: =K36/L36 -> 5.4901961 | N36: =SUM(N5:N35) -> 2685 | O36: =SUM(O5:O35) -> 465 | P36: =N36/O36 -> 5.7741935 | Q36: =SUM(Q5:Q35) -> 300 | R36: =SUM(R5:R35) -> 38 | S36: =Q36/R36 -> 7.8947368 | T36: =SUM(T5:T35) -> 72 | U36: =SUM(U5:U35) -> 18 | V36: =T36/U36 -> 4 | W36: =SUM(W5:W35) -> 0 | X36: =SUM(X5:X35) -> 0 | Y36: =W36/X36 -> #DIV/0! | Z36: =SUM(Z5:Z35) -> 6 | AA36: =SUM(AA5:AA35) -> 5 | AB36: =Z36/AA36 -> 1.2 | AC36: =SUM(AC5:AC35) -> 8 | AD36: =SUM(AD5:AD35) -> 2 | AE36: =AC36/AD36 -> 4 | AF36: =SUM(AF5:AF35) -> 39 | AG36: =SUM(AG5:AG35) -> 13 | AH36: =AF36/AG36 -> 3 | AI36: =SUM(AI5:AI35) -> 626 | AJ36: =SUM(AJ5:AJ35) -> 84 | AK36: =AI36/AJ36 -> 7.452381 | AL36: =SUM(AL5:AL35) -> 21 | AM36: =SUM(AM5:AM35) -> 3 | AN36: =AL36/AM36 -> 7 | AO36: =SUM(AO5:AO35) -> 19 | AP36: =SUM(AP5:AP35) -> 3 | AQ36: =AO36/AP36 -> 6.3333333 | AR36: =SUM(AR5:AR35) -> 57 | AS36: =SUM(AS5:AS35) -> 9 | AT36: =AR36/AS36 -> 6.3333333 | AU36: =SUM(AU5:AU35) -> 33 | AV36: =SUM(AV5:AV35) -> 6 | AW36: =AU36/AV36 -> 5.5 | AX36: =SUM(AX5:AX35) -> 134 | AY36: =SUM(AY5:AY35) -> 21 | AZ36: =AX36/AY36 -> 6.3809524 | BA36: =SUM(BA5:BA35) -> 0 | BB36: =SUM(BB5:BB35) -> 0 | BC36: =BA36/BB36 -> #DIV/0! | BD36: =SUM(BD5:BD35) -> 0 | BE36: =SUM(BE5:BE35) -> 0 | BF36: =BD36/BE36 -> #DIV/0! | BG36: =SUM(BG5:BG35) -> 3 | BH36: =SUM(BH5:BH35) -> 2 | BI36: =BG36/BH36 -> 1.5 | BJ36: =SUM(BJ5:BJ35) -> 6683 | BK36: =SUM(BK5:BK35) -> 1047 | BL36: =IF(BK36=0,"",BJ36/BK36) -> 6.382999

Sheet Nov 2023
A1: PAYLOAD REPORT BY ROUTE AND MONTH NOV 2023
C2: Aversen | F2: Aversen | I2: Aversen | L2: Aversen | O2: Jerome | R2: Jerome | U2: Jerome | X2: Ansar | AA2: Ansar | AD2: Ansar | AG2: Ansar | AJ2: Ansar | AM2: Brent | AP2: Brent | AS2: Brent | AV2: Brent | AY2: Brent | BB2: Sune | BE2: Sune | BH2: Sune | BK2: Sune | BM2: Total vehicles
B3: Route Kzn - Western Cape | E3: Route Kzn - Northern Cape | H3: Route Kzn - Gauteng | K3: Route Kzn - Other | N3: Route Kzn - Kzn Dealer | Q3: Route DCT - VDC / Other S/Yard | T3: Route KZN - Maputo TTAF/Other | W3: Route Western Cape to PE | Z3: Route Western Cape to EL | AC3: Route Western Cape to Kzn | AF3: Route Western Cape to GP | AI3: Route Western Cape to Other | AL3: Route EC - Kzn | AO3: Route EC - Western Cape | AR3: Route EC - Gauteng | AU3: Route EC- Freestate | AX3: Route EC - Maputo | BA3: Route Gauteng - Kzn | BD3: Route Gauteng - Eastern Cape | BG3: Route Gauteng - Western Cape | BJ3: Route Gauteng - Other | BM3: TOTALS
A4: DAY DATE | B4: Total vehicles | C4: Total Carriers | D4: Payload | E4: Total vehicles | F4: Total Carriers | G4: Payload | H4: Total vehicles | I4: Total Carriers | J4: Payload | K4: Total vehicles | L4: Total Carriers | M4: Payload | N4: Total vehicles | O4: Total Carriers | P4: Payload | Q4: Total vehicles | R4: Total Carriers | S4: Payload | T4: Total vehicles | U4: Total Carriers | V4: Payload | W4: Total vehicles | X4: Total Carriers | Y4: Payload | Z4: Total vehicles | AA4: Total Carriers | AB4: Payload | AC4: Total vehicles | AD4: Total Carriers | AE4: Payload | AF4: Total vehicles | AG4: Total Carriers | AH4: Payload | AI4: Total vehicles | AJ4: Total Carriers | AK4: Payload | AL4: Total vehicles | AM4: Total Carriers | AN4: Payload | AO4: Total vehicles | AP4: Total Carriers | AQ4: Payload | AR4: Total vehicles | AS4: Total Carriers | AT4: Payload | AU4: Total vehicles | AV4: Total Carriers | AW4: Payload | AX4: Total vehicles | AY4: Total Carriers | AZ4: Payload | BA4: Total vehicles | BB4: Total Carriers | BC4: Payload | BD4: Total vehicles | BE4: Total Carriers | BF4: Payload | BG4: Total vehicles | BH4: Total Carriers | BI4: Payload | BJ4: Total vehicles | BK4: Total Carriers | BL4: Payload | BM4: Total vehicles | BN4: Total Carriers | BO4: Payload
A5: 45231 | B5: 68 | C5: 9 | D5: =IF(C5=0,"",B5/C5) -> 7.5555556 | E5: 0 | F5: 0 | G5: =IF(F5=0,"-",E5/F5) -> - | H5: 0 | I5: 0 | J5: =IF(I5=0,"-",H5/I5) -> - | K5: 0 | L5: 0 | M5: =IF(L5=0,"-",K5/L5) -> - | N5: 38 | O5: 7 | P5: =IF(O5=0,"",N5/O5) -> 5.4285714 | Q5: 214 | R5: 52 | S5: =IF(R5=0,"",Q5/R5) -> 4.1153846 | T5: 0 | U5: 0 | V5: =IF(U5=0,"-",T5/U5) -> - | W5: 1 | X5: 1 | Y5: =IF(X5=0,"",W5/X5) -> 1 | Z5: 0 | AA5: 0 | AB5: =IF(AA5=0,"-",Z5/AA5) -> - | AC5: 0 | AD5: 0 | AE5: =IF(AD5=0,"-",AC5/AD5) -> - | AF5: 0 | AG5: 0 | AH5: =IF(AG5=0,"-",AF5/AG5) -> - | AI5: 1 | AJ5: 1 | AK5: =IF(AJ5=0,"",AI5/AJ5) -> 1 | AL5: 47 | AM5: 7 | AN5: =IF(AM5=0,"",AL5/AM5) -> 6.7142857 | AO5: 0 | AP5: 0 | AQ5: =IF(AP5=0,"-",AO5/AP5) -> - | AR5: 0 | AS5: 0 | AT5: =IF(AS5=0,"-",AR5/AS5) -> - | AU5: 6 | AV5: 1 | AW5: =IF(AV5=0,"",AU5/AV5) -> 6 | AX5: 0 | AY5: 0 | AZ5: =IF(AY5=0,"-",AX5/AY5) -> - | BA5: 0 | BB5: 0 | BC5: =IF(BB5=0,"-",BA5/BB5) -> - | BD5: 0 | BE5: 0 | BF5: =IF(BE5=0,"-",BD5/BE5) -> - | BG5: 0 | BH5: 0 | BI5: =IF(BH5=0,"-",BG5/BH5) -> - | BJ5: 0 | BK5: 0 | BL5: =IF(BK5=0,"",BJ5/BK5) | BM5: =BJ5+BG5+BD5+BA5+AX5+AU5+AR5+AO5+AL5+K5+Q5+N5+H5+E5+AI5+AF5+AC5+Z5+W5+B5 -> 375 | BN5: =BK5+BH5+BE5+BB5+AY5+AV5+AS5+AP5+AM5+L5+R5+O5+I5+F5+AJ5+AG5+AD5+AA5+X5+C5 -> 78 | BO5: =IF(BN5=0,"",BM5/BN5) -> 4.8076923
A6: 45232 | B6: 39 | C6: 6 | D6: =IF(C6=0,"",B6/C6) -> 6.5 | E6: 14 | F6: 2 | G6: =IF(F6=0,"",E6/F6) -> 7 | H6: 0 | I6: 0 | J6: =IF(I6=0,"-",H6/I6) -> - | K6: 0 | L6: 0 | M6: =IF(L6=0,"-",K6/L6) -> - | N6: 20 | O6: 5 | P6: =IF(O6=0,"",N6/O6) -> 4 | Q6: 149 | R6: 35 | S6: =IF(R6=0,"",Q6/R6) -> 4.2571429 | T6: 0 | U6: 0 | V6: =IF(U6=0,"-",T6/U6) -> - | W6: 6 | X6: 1 | Y6: =IF(X6=0,"",W6/X6) -> 6 | Z6: 0 | AA6: 0 | AB6: =IF(AA6=0,"-",Z6/AA6) -> - | AC6: 5 | AD6: 1 | AE6: =IF(AD6=0,"-",AC6/AD6) -> 5 | AF6: 0 | AG6: 0 | AH6: =IF(AG6=0,"-",AF6/AG6) -> - | AI6: 2 | AJ6: 2 | AK6: =IF(AJ6=0,"",AI6/AJ6) -> 1 | AL6: 20 | AM6: 3 | AN6: =IF(AM6=0,"",AL6/AM6) -> 6.6666667 | AO6: 0 | AP6: 0 | AQ6: =IF(AP6=0,"-",AO6/AP6) -> - | AR6: 0 | AS6: 0 | AT6: =IF(AS6=0,"-",AR6/AS6) -> - | AU6: 0 | AV6: 0 | AW6: =IF(AV6=0,"-",AU6/AV6) -> - | AX6: 0 | AY6: 0 | AZ6: =IF(AY6=0,"-",AX6/AY6) -> - | BA6: 0 | BB6: 0 | BC6: =IF(BB6=0,"-",BA6/BB6) -> - | BD6: 0 | BE6: 0 | BF6: =IF(BE6=0,"-",BD6/BE6) -> - | BG6: 0 | BH6: 0 | BI6: =IF(BH6=0,"-",BG6/BH6) -> - | BJ6: 0 | BK6: 0 | BL6: =IF(BK6=0,"-",BJ6/BK6) -> - | BM6: =BJ6+BG6+BD6+BA6+AX6+AU6+AR6+AO6+AL6+K6+Q6+N6+H6+E6+AI6+AF6+AC6+Z6+W6+B6 -> 255 | BN6: =BK6+BH6+BE6+BB6+AY6+AV6+AS6+AP6+AM6+L6+R6+O6+I6+F6+AJ6+AG6+AD6+AA6+X6+C6 -> 55 | BO6: =IF(BN6=0,"",BM6/BN6) -> 4.6363636
A7: 45233 | B7: 32 | C7: 4 | D7: =IF(C7=0,"",B7/C7) -> 8 | E7: 8 | F7: 1 | G7: =IF(F7=0,"",E7/F7) -> 8 | H7: 23 | I7: 3 | J7: =IF(I7=0,"",H7/I7) -> 7.6666667 | K7: 0 | L7: 0 | M7: =IF(L7=0,"-",K7/L7) -> - | N7: 15 | O7: 3 | P7: =IF(O7=0,"",N7/O7) -> 5 | Q7: 0 | R7: 0 | S7: =IF(R7=0,"-",Q7/R7) -> - | T7: 0 | U7: 0 | V7: =IF(U7=0,"-",T7/U7) -> - | W7: 0 | X7: 0 | Y7: =IF(X7=0,"-",W7/X7) -> - | Z7: 0 | AA7: 0 | AB7: =IF(AA7=0,"-",Z7/AA7) -> - | AC7: 4 | AD7: 1 | AE7: =IF(AD7=0,"-",AC7/AD7) -> 4 | AF7: 0 | AG7: 0 | AH7: =IF(AG7=0,"-",AF7/AG7) -> - | AI7: 15 | AJ7: 4 | AK7: =IF(AJ7=0,"",AI7/AJ7) -> 3.75 | AL7: 7 | AM7: 1 | AN7: =IF(AM7=0,"",AL7/AM7) -> 7 | AO7: 0 | AP7: 0 | AQ7: =IF(AP7=0,"-",AO7/AP7) -> - | AR7: 0 | AS7: 0 | AT7: =IF(AS7=0,"-",AR7/AS7) -> - | AU7: 0 | AV7: 0 | AW7: =IF(AV7=0,"-",AU7/AV7) -> - | AX7: 0 | AY7: 0 | AZ7: =IF(AY7=0,"-",AX7/AY7) -> - | BA7: 0 | BB7: 0 | BC7: =IF(BB7=0,"-",BA7/BB7) -> - | BD7: 0 | BE7: 0 | BF7: =IF(BE7=0,"-",BD7/BE7) -> - | BG7: 0 | BH7: 0 | BI7: =IF(BH7=0,"-",BG7/BH7) -> - | BJ7: 0 | BK7: 0 | BL7: =IF(BK7=0,"-",BJ7/BK7) -> - | BM7: =BJ7+BG7+BD7+BA7+AX7+AU7+AR7+AO7+AL7+K7+Q7+N7+H7+E7+AI7+AF7+AC7+Z7+W7+B7 -> 104 | BN7: =BK7+BH7+BE7+BB7+AY7+AV7+AS7+AP7+AM7+L7+R7+O7+I7+F7+AJ7+AG7+AD7+AA7+X7+C7 -> 17 | BO7: =IF(BN7=0,"",BM7/BN7) -> 6.1176471
A8: 45234 | B8: 32 | C8: 4 | D8: =IF(C8=0,"",B8/C8) -> 8 | E8: 0 | F8: 0 | G8: =IF(F8=0,"-",E8/F8) -> - | H8: 0 | I8: 0 | J8: =IF(I8=0,"-",H8/I8) -> - | K8: 0 | L8: 0 | M8: =IF(L8=0,"-",K8/L8) -> - | N8: 18 | O8: 4 | P8: =IF(O8=0,"",N8/O8) -> 4.5 | Q8: 0 | R8: 0 | S8: =IF(R8=0,"-",Q8/R8) -> - | T8: 6 | U8: 1 | V8: =IF(U8=0,"-",T8/U8) -> 6 | W8: 0 | X8: 0 | Y8: =IF(X8=0,"-",W8/X8) -> - | Z8: 0 | AA8: 0 | AB8: =IF(AA8=0,"-",Z8/AA8) -> - | AC8: 0 | AD8: 0 | AE8: =IF(AD8=0,"-",AC8/AD8) -> - | AF8: 0 | AG8: 0 | AH8: =IF(AG8=0,"-",AF8/AG8) -> - | AI8: 0 | AJ8: 0 | AK8: =IF(AJ8=0,"-",AI8/AJ8) -> - | AL8: 0 | AM8: 0 | AN8: =IF(AM8=0,"-",AL8/AM8) -> - | AO8: 0 | AP8: 0 | AQ8: =IF(AP8=0,"-",AO8/AP8) -> - | AR8: 0 | AS8: 0 | AT8: =IF(AS8=0,"-",AR8/AS8) -> - | AU8: 0 | AV8: 0 | AW8: =IF(AV8=0,"-",AU8/AV8) -> - | AX8: 6 | AY8: 1 | AZ8: =IF(AY8=0,"-",AX8/AY8) -> 6 | BA8: 24 | BB8: 3 | BC8: =IF(BB8=0,"",BA8/BB8) -> 8 | BD8: 0 | BE8: 0 | BF8: =IF(BE8=0,"-",BD8/BE8) -> - | BG8: 0 | BH8: 0 | BI8: =IF(BH8=0,"-",BG8/BH8) -> - | BJ8: 0 | BK8: 0 | BL8: =IF(BK8=0,"-",BJ8/BK8) -> - | BM8: =BJ8+BG8+BD8+BA8+AX8+AU8+AR8+AO8+AL8+K8+Q8+N8+H8+E8+AI8+AF8+AC8+Z8+W8+B8 -> 80 | BN8: =BK8+BH8+BE8+BB8+AY8+AV8+AS8+AP8+AM8+L8+R8+O8+I8+F8+AJ8+AG8+AD8+AA8+X8+C8 -> 12 | BO8: =IF(BN8=0,"",BM8/BN8) -> 6.6666667
A9: 45235 | B9: 0 | C9: 0 | D9: =IF(C9=0,"-",B9/C9) -> - | E9: 0 | F9: 0 | G9: =IF(F9=0,"-",E9/F9) -> - | H9: 0 | I9: 0 | J9: =IF(I9=0,"-",H9/I9) -> - | K9: 0 | L9: 0 | M9: =IF(L9=0,"-",K9/L9) -> - | N9: 0 | O9: 0 | P9: =IF(O9=0,"-",N9/O9) -> - | Q9: 414 | R9: 55 | S9: =IF(R9=0,"",Q9/R9) -> 7.5272727 | T9: 0 | U9: 0 | V9: =IF(U9=0,"-",T9/U9) -> - | W9: 0 | X9: 0 | Y9: =IF(X9=0,"-",W9/X9) -> - | Z9: 0 | AA9: 0 | AB9: =IF(AA9=0,"-",Z9/AA9) -> - | AC9: 0 | AD9: 0 | AE9: =IF(AD9=0,"-",AC9/AD9) -> - | AF9: 0 | AG9: 0 | AH9: =IF(AG9=0,"-",AF9/AG9) -> - | AI9: 0 | AJ9: 0 | AK9: =IF(AJ9=0,"-",AI9/AJ9) -> - | AL9: 6 | AM9: 1 | AN9: =IF(AM9=0,"",AL9/AM9) -> 6 | AO9: 0 | AP9: 0 | AQ9: =IF(AP9=0,"-",AO9/AP9) -> - | AR9: 0 | AS9: 0 | AT9: =IF(AS9=0,"-",AR9/AS9) -> - | AU9: 8 | AV9: 1 | AW9: =IF(AV9=0,"",AU9/AV9) -> 8 | AX9: 0 | AY9: 0 | AZ9: =IF(AY9=0,"-",AX9/AY9) -> - | BA9: 0 | BB9: 0 | BC9: =IF(BB9=0,"-",BA9/BB9) -> - | BD9: 0 | BE9: 0 | BF9: =IF(BE9=0,"-",BD9/BE9) -> - | BG9: 0 | BH9: 0 | BI9: =IF(BH9=0,"-",BG9/BH9) -> - | BJ9: 0 | BK9: 0 | BL9: =IF(BK9=0,"-",BJ9/BK9) -> - | BM9: =BJ9+BG9+BD9+BA9+AX9+AU9+AR9+AO9+AL9+K9+Q9+N9+H9+E9+AI9+AF9+AC9+Z9+W9+B9 -> 428 | BN9: =BK9+BH9+BE9+BB9+AY9+AV9+AS9+AP9+AM9+L9+R9+O9+I9+F9+AJ9+AG9+AD9+AA9+X9+C9 -> 57 | BO9: =IF(BN9=0,"",BM9/BN9) -> 7.5087719
A10: 45236 | B10: 13 | C10: 2 | D10: =IF(C10=0,"",B10/C10) -> 6.5 | E10: 8 | F10: 1 | G10: =IF(F10=0,"",E10/F10) -> 8 | H10: 9 | I10: 1 | J10: =IF(I10=0,"",H10/I10) -> 9 | K10: 0 | L10: 0 | M10: =IF(L10=0,"-",K10/L10) -> - | N10: 28 | O10: 5 | P10: =IF(O10=0,"",N10/O10) -> 5.6 | Q10: 504 | R10: 71 | S10: =IF(R10=0,"",Q10/R10) -> 7.0985915 | T10: 0 | U10: 0 | V10: =IF(U10=0,"-",T10/U10) -> - | W10: 7 | X10: 1 | Y10: =IF(X10=0,"-",W10/X10) -> 7 | Z10: 0 | AA10: 0 | AB10: =IF(AA10=0,"-",Z10/AA10) -> - | AC10: 0 | AD10: 0 | AE10: =IF(AD10=0,"-",AC10/AD10) -> - | AF10: 0 | AG10: 0 | AH10: =IF(AG10=0,"-",AF10/AG10) -> - | AI10: 5 | AJ10: 1 | AK10: =IF(AJ10=0,"-",AI10/AJ10) -> 5 | AL10: 12 | AM10: 2 | AN10: =IF(AM10=0,"",AL10/AM10) -> 6 | AO10: 0 | AP10: 0 | AQ10: =IF(AP10=0,"-",AO10/AP10) -> - | AR10: 0 | AS10: 0 | AT10: =IF(AS10=0,"-",AR10/AS10) -> - | AU10: 0 | AV10: 0 | AW10: =IF(AV10=0,"-",AU10/AV10) -> - | AX10: 0 | AY10: 0 | AZ10: =IF(AY10=0,"-",AX10/AY10) -> - | BA10: 0 | BB10: 0 | BC10: =IF(BB10=0,"-",BA10/BB10) -> - | BD10: 0 | BE10: 0 | BF10: =IF(BE10=0,"-",BD10/BE10) -> - | BG10: 0 | BH10: 0 | BI10: =IF(BH10=0,"-",BG10/BH10) -> - | BJ10: 0 | BK10: 0 | BL10: =IF(BK10=0,"-",BJ10/BK10) -> - | BM10: =BJ10+BG10+BD10+BA10+AX10+AU10+AR10+AO10+AL10+K10+Q10+N10+H10+E10+AI10+AF10+AC10+Z10+W10+B10 -> 586 | BN10: =BK10+BH10+BE10+BB10+AY10+AV10+AS10+AP10+AM10+L10+R10+O10+I10+F10+AJ10+AG10+AD10+AA10+X10+C10 -> 84 | BO10: =IF(BN10=0,"",BM10/BN10) -> 6.9761905
A11: 45237 | B11: 31 | C11: 4 | D11: =IF(C11=0,"",B11/C11) -> 7.75 | E11: 0 | F11: 0 | G11: =IF(F11=0,"-",E11/F11) -> - | H11: 15 | I11: 2 | J11: =IF(I11=0,"",H11/I11) -> 7.5 | K11: 1 | L11: 1 | M11: =IF(L11=0,"",K11/L11) -> 1 | N11: 26 | O11: 6 | P11: =IF(O11=0,"",N11/O11) -> 4.3333333 | Q11: 407 | R11: 61 | S11: =IF(R11=0,"",Q11/R11) -> 6.6721311 | T11: 0 | U11: 0 | V11: =IF(U11=0,"-",T11/U11) -> - | W11: 0 | X11: 0 | Y11: =IF(X11=0,"-",W11/X11) -> - | Z11: 0 | AA11: 0 | AB11: =IF(AA11=0,"-",Z11/AA11) -> - | AC11: 0 | AD11: 0 | AE11: =IF(AD11=0,"-",AC11/AD11) -> - | AF11: 0 | AG11: 0 | AH11: =IF(AG11=0,"-",AF11/AG11) -> - | AI11: 0 | AJ11: 0 | AK11: =IF(AJ11=0,"-",AI11/AJ11) -> - | AL11: 14 | AM11: 2 | AN11: =IF(AM11=0,"",AL11/AM11) -> 7 | AO11: 0 | AP11: 0 | AQ11: =IF(AP11=0,"-",AO11/AP11) -> - | AR11: 0 | AS11: 0 | AT11: =IF(AS11=0,"-",AR11/AS11) -> - | AU11: 0 | AV11: 0 | AW11: =IF(AV11=0,"-",AU11/AV11) -> - | AX11: 0 | AY11: 0 | AZ11: =IF(AY11=0,"-",AX11/AY11) -> - | BA11: 9 | BB11: 1 | BC11: =IF(BB11=0,"",BA11/BB11) -> 9 | BD11: 0 | BE11: 0 | BF11: =IF(BE11=0,"-",BD11/BE11) -> - | BG11: 0 | BH11: 0 | BI11: =IF(BH11=0,"-",BG11/BH11) -> - | BJ11: 0 | BK11: 0 | BL11: =IF(BK11=0,"-",BJ11/BK11) -> - | BM11: =BJ11+BG11+BD11+BA11+AX11+AU11+AR11+AO11+AL11+K11+Q11+N11+H11+E11+AI11+AF11+AC11+Z11+W11+B11 -> 503 | BN11: =BK11+BH11+BE11+BB11+AY11+AV11+AS11+AP11+AM11+L11+R11+O11+I11+F11+AJ11+AG11+AD11+AA11+X11+C11 -> 77 | BO11: =IF(BN11=0,"",BM11/BN11) -> 6.5324675
A12: 45238 | B12: 39 | C12: 5 | D12: =IF(C12=0,"",B12/C12) -> 7.8 | E12: 8 | F12: 1 | G12: =IF(F12=0,"",E12/F12) -> 8 | H12: 0 | I12: 0 | J12: =IF(I12=0,"-",H12/I12) -> - | K12: 1 | L12: 1 | M12: =IF(L12=0,"",K12/L12) -> 1 | N12: 39 | O12: 7 | P12: =IF(O12=0,"",N12/O12) -> 5.5714286 | Q12: 440 | R12: 62 | S12: =IF(R12=0,"",Q12/R12) -> 7.0967742 | T12: 0 | U12: 0 | V12: =IF(U12=0,"-",T12/U12) -> - | W12: 0 | X12: 0 | Y12: =IF(X12=0,"-",W12/X12) -> - | Z12: 2 | AA12: 1 | AB12: =IF(AA12=0,"",Z12/AA12) -> 2 | AC12: 5 | AD12: 2 | AE12: =IF(AD12=0,"-",AC12/AD12) -> 2.5 | AF12: 0 | AG12: 0 | AH12: =IF(AG12=0,"-",AF12/AG12) -> - | AI12: 0 | AJ12: 0 | AK12: =IF(AJ12=0,"-",AI12/AJ12) -> - | AL12: 0 | AM12: 0 | AN12: =IF(AM12=0,"-",AL12/AM12) -> - | AO12: 0 | AP12: 0 | AQ12: =IF(AP12=0,"-",AO12/AP12) -> - | AR12: 0 | AS12: 0 | AT12: =IF(AS12=0,"-",AR12/AS12) -> - | AU12: 6 | AV12: 1 | AW12: =IF(AV12=0,"",AU12/AV12) -> 6 | AX12: 0 | AY12: 0 | AZ12: =IF(AY12=0,"-",AX12/AY12) -> - | BA12: 149 | BB12: 22 | BC12: =IF(BB12=0,"",BA12/BB12) -> 6.7727273 | BD12: 0 | BE12: 0 | BF12: =IF(BE12=0,"-",BD12/BE12) -> - | BG12: 0 | BH12: 0 | BI12: =IF(BH12=0,"-",BG12/BH12) -> - | BJ12: 0 | BK12: 0 | BL12: =IF(BK12=0,"-",BJ12/BK12) -> - | BM12: =BJ12+BG12+BD12+BA12+AX12+AU12+AR12+AO12+AL12+K12+Q12+N12+H12+E12+AI12+AF12+AC12+Z12+W12+B12 -> 689 | BN12: =BK12+BH12+BE12+BB12+AY12+AV12+AS12+AP12+AM12+L12+R12+O12+I12+F12+AJ12+AG12+AD12+AA12+X12+C12 -> 102 | BO12: =IF(BN12=0,"",BM12/BN12) -> 6.754902
A13: 45239 | B13: 37 | C13: 6 | D13: =IF(C13=0,"",B13/C13) -> 6.1666667 | E13: 8 | F13: 1 | G13: =IF(F13=0,"",E13/F13) -> 8 | H13: 9 | I13: 1 | J13: =IF(I13=0,"",H13/I13) -> 9 | K13: 0 | L13: 0 | M13: =IF(L13=0,"-",K13/L13) -> - | N13: 39 | O13: 7 | P13: =IF(O13=0,"",N13/O13) -> 5.5714286 | Q13: 319 | R13: 41 | S13: =IF(R13=0,"",Q13/R13) -> 7.7804878 | T13: 0 | U13: 0 | V13: =IF(U13=0,"-",T13/U13) -> - | W13: 9 | X13: 1 | Y13: =IF(X13=0,"-",W13/X13) -> 9 | Z13: 0 | AA13: 0 | AB13: =IF(AA13=0,"-",Z13/AA13) -> - | AC13: 4 | AD13: 1 | AE13: =IF(AD13=0,"-",AC13/AD13) -> 4 | AF13: 0 | AG13: 0 | AH13: =IF(AG13=0,"-",AF13/AG13) -> - | AI13: 6 | AJ13: 1 | AK13: =IF(AJ13=0,"-",AI13/AJ13) -> 6 | AL13: 7 | AM13: 1 | AN13: =IF(AM13=0,"",AL13/AM13) -> 7 | AO13: 0 | AP13: 0 | AQ13: =IF(AP13=0,"-",AO13/AP13) -> - | AR13: 0 | AS13: 0 | AT13: =IF(AS13=0,"-",AR13/AS13) -> - | AU13: 0 | AV13: 0 | AW13: =IF(AV13=0,"-",AU13/AV13) -> - | AX13: 6 | AY13: 1 | AZ13: =IF(AY13=0,"-",AX13/AY13) -> 6 | BA13: 0 | BB13: 0 | BC13: =IF(BB13=0,"-",BA13/BB13) -> - | BD13: 0 | BE13: 0 | BF13: =IF(BE13=0,"-",BD13/BE13) -> - | BG13: 0 | BH13: 0 | BI13: =IF(BH13=0,"-",BG13/BH13) -> - | BJ13: 0 | BK13: 0 | BL13: =IF(BK13=0,"-",BJ13/BK13) -> - | BM13: =BJ13+BG13+BD13+BA13+AX13+AU13+AR13+AO13+AL13+K13+Q13+N13+H13+E13+AI13+AF13+AC13+Z13+W13+B13 -> 444 | BN13: =BK13+BH13+BE13+BB13+AY13+AV13+AS13+AP13+AM13+L13+R13+O13+I13+F13+AJ13+AG13+AD13+AA13+X13+C13 -> 61 | BO13: =IF(BN13=0,"",BM13/BN13) -> 7.2786885
A14: 45240 | B14: 34 | C14: 4 | D14: =IF(C14=0,"",B14/C14) -> 8.5 | E14: 8 | F14: 1 | G14: =IF(F14=0,"",E14/F14) -> 8 | H14: 27 | I14: 3 | J14: =IF(I14=0,"",H14/I14) -> 9 | K14: 0 | L14: 0 | M14: =IF(L14=0,"-",K14/L14) -> - | N14: 35 | O14: 6 | P14: =IF(O14=0,"",N14/O14) -> 5.8333333 | Q14: 407 | R14: 56 | S14: =IF(R14=0,"",Q14/R14) -> 7.2678571 | T14: 0 | U14: 0 | V14: =IF(U14=0,"-",T14/U14) -> - | W14: 0 | X14: 0 | Y14: =IF(X14=0,"-",W14/X14) -> - | Z14: 0 | AA14: 0 | AB14: =IF(AA14=0,"-",Z14/AA14) -> - | AC14: 0 | AD14: 0 | AE14: =IF(AD14=0,"-",AC14/AD14) -> - | AF14: 0 | AG14: 0 | AH14: =IF(AG14=0,"-",AF14/AG14) -> - | AI14: 0 | AJ14: 0 | AK14: =IF(AJ14=0,"-",AI14/AJ14) -> - | AL14: 0 | AM14: 0 | AN14: =IF(AM14=0,"",AL14/AM14) | AO14: 0 | AP14: 0 | AQ14: =IF(AP14=0,"-",AO14/AP14) -> - | AR14: 14 | AS14: 2 | AT14: =IF(AS14=0,"",AR14/AS14) -> 7 | AU14: 0 | AV14: 0 | AW14: =IF(AV14=0,"-",AU14/AV14) -> - | AX14: 14 | AY14: 2 | AZ14: =IF(AY14=0,"-",AX14/AY14) -> 7 | BA14: 96 | BB14: 14 | BC14: =IF(BB14=0,"",BA14/BB14) -> 6.8571429 | BD14: 0 | BE14: 0 | BF14: =IF(BE14=0,"-",BD14/BE14) -> - | BG14: 0 | BH14: 0 | BI14: =IF(BH14=0,"-",BG14/BH14) -> - | BJ14: 0 | BK14: 0 | BL14: =IF(BK14=0,"-",BJ14/BK14) -> - | BM14: =BJ14+BG14+BD14+BA14+AX14+AU14+AR14+AO14+AL14+K14+Q14+N14+H14+E14+AI14+AF14+AC14+Z14+W14+B14 -> 635 | BN14: =BK14+BH14+BE14+BB14+AY14+AV14+AS14+AP14+AM14+L14+R14+O14+I14+F14+AJ14+AG14+AD14+AA14+X14+C14 -> 88 | BO14: =IF(BN14=0,"",BM14/BN14) -> 7.2159091
A15: 45241 | B15: 110 | C15: 13 | D15: =IF(C15=0,"-",B15/C15) -> 8.4615385 | E15: 8 | F15: 1 | G15: =IF(F15=0,"",E15/F15) -> 8 | H15: 0 | I15: 0 | J15: =IF(I15=0,"-",H15/I15) -> - | K15: 0 | L15: 0 | M15: =IF(L15=0,"-",K15/L15) -> - | N15: 21 | O15: 5 | P15: =IF(O15=0,"",N15/O15) -> 4.2 | Q15: 0 | R15: 0 | S15: =IF(R15=0,"-",Q15/R15) -> - | T15: 0 | U15: 0 | V15: =IF(U15=0,"-",T15/U15) -> - | W15: 6 | X15: 3 | Y15: =IF(X15=0,"-",W15/X15) -> 2 | Z15: 0 | AA15: 0 | AB15: =IF(AA15=0,"-",Z15/AA15) -> - | AC15: 0 | AD15: 0 | AE15: =IF(AD15=0,"-",AC15/AD15) -> - | AF15: 5 | AG15: 1 | AH15: =IF(AG15=0,"-",AF15/AG15) -> 5 | AI15: 0 | AJ15: 0 | AK15: =IF(AJ15=0,"-",AI15/AJ15) -> - | AL15: 12 | AM15: 2 | AN15: =IF(AM15=0,"",AL15/AM15) -> 6 | AO15: 13 | AP15: 2 | AQ15: =IF(AP15=0,"",AO15/AP15) -> 6.5 | AR15: 21 | AS15: 3 | AT15: =IF(AS15=0,"",AR15/AS15) -> 7 | AU15: 0 | AV15: 0 | AW15: =IF(AV15=0,"-",AU15/AV15) -> - | AX15: 0 | AY15: 0 | AZ15: =IF(AY15=0,"-",AX15/AY15) -> - | BA15: 28 | BB15: 4 | BC15: =IF(BB15=0,"",BA15/BB15) -> 7 | BD15: 0 | BE15: 0 | BF15: =IF(BE15=0,"-",BD15/BE15) -> - | BG15: 0 | BH15: 0 | BI15: =IF(BH15=0,"-",BG15/BH15) -> - | BJ15: 0 | BK15: 0 | BL15: =IF(BK15=0,"-",BJ15/BK15) -> - | BM15: =BJ15+BG15+BD15+BA15+AX15+AU15+AR15+AO15+AL15+K15+Q15+N15+H15+E15+AI15+AF15+AC15+Z15+W15+B15 -> 224 | BN15: =BK15+BH15+BE15+BB15+AY15+AV15+AS15+AP15+AM15+L15+R15+O15+I15+F15+AJ15+AG15+AD15+AA15+X15+C15 -> 34 | BO15: =IF(BN15=0,"",BM15/BN15) -> 6.5882353
A16: 45242 | B16: 34 | C16: 4 | D16: =IF(C16=0,"",B16/C16) -> 8.5 | E16: 0 | F16: 0 | G16: =IF(F16=0,"-",E16/F16) -> - | H16: 0 | I16: 0 | J16: =IF(I16=0,"-",H16/I16) -> - | K16: 0 | L16: 0 | M16: =IF(L16=0,"-",K16/L16) -> - | N16: 11 | O16: 2 | P16: =IF(O16=0,"",N16/O16) -> 5.5 | Q16: 0 | R16: 0 | S16: =IF(R16=0,"-",Q16/R16) -> - | T16: 0 | U16: 0 | V16: =IF(U16=0,"-",T16/U16) -> - | W16: 0 | X16: 0 | Y16: =IF(X16=0,"-",W16/X16) -> - | Z16: 0 | AA16: 0 | AB16: =IF(AA16=0,"-",Z16/AA16) -> - | AC16: 0 | AD16: 0 | AE16: =IF(AD16=0,"-",AC16/AD16) -> - | AF16: 0 | AG16: 0 | AH16: =IF(AG16=0,"-",AF16/AG16) -> - | AI16: 0 | AJ16: 0 | AK16: =IF(AJ16=0,"-",AI16/AJ16) -> - | AL16: 14 | AM16: 2 | AN16: =IF(AM16=0,"-",AL16/AM16) -> 7 | AO16: 0 | AP16: 0 | AQ16: =IF(AP16=0,"-",AO16/AP16) -> - | AR16: 22 | AS16: 3 | AT16: =IF(AS16=0,"-",AR16/AS16) -> 7.3333333 | AU16: 0 | AV16: 0 | AW16: =IF(AV16=0,"-",AU16/AV16) -> - | AX16: 0 | AY16: 0 | AZ16: =IF(AY16=0,"-",AX16/AY16) -> - | BA16: 16 | BB16: 2 | BC16: =IF(BB16=0,"",BA16/BB16) -> 8 | BD16: 0 | BE16: 0 | BF16: =IF(BE16=0,"-",BD16/BE16) -> - | BG16: 0 | BH16: 0 | BI16: =IF(BH16=0,"-",BG16/BH16) -> - | BJ16: 0 | BK16: 0 | BL16: =IF(BK16=0,"-",BJ16/BK16) -> - | BM16: =BJ16+BG16+BD16+BA16+AX16+AU16+AR16+AO16+AL16+K16+Q16+N16+H16+E16+AI16+AF16+AC16+Z16+W16+B16 -> 97 | BN16: =BK16+BH16+BE16+BB16+AY16+AV16+AS16+AP16+AM16+L16+R16+O16+I16+F16+AJ16+AG16+AD16+AA16+X16+C16 -> 13 | BO16: =IF(BN16=0,"",BM16/BN16) -> 7.4615385
A17: 45243 | B17: 8 | C17: 1 | D17: =IF(C17=0,"",B17/C17) -> 8 | E17: 0 | F17: 0 | G17: =IF(F17=0,"-",E17/F17) -> - | H17: 0 | I17: 0 | J17: =IF(I17=0,"-",H17/I17) -> - | K17: 0 | L17: 0 | M17: =IF(L17=0,"-",K17/L17) -> - | N17: 34 | O17: 7 | P17: =IF(O17=0,"",N17/O17) -> 4.8571429 | Q17: 251 | R17: 41 | S17: =IF(R17=0,"",Q17/R17) -> 6.1219512 | T17: 0 | U17: 0 | V17: =IF(U17=0,"-",T17/U17) -> - | W17: 2 | X17: 1 | Y17: =IF(X17=0,"-",W17/X17) -> 2 | Z17: 0 | AA17: 0 | AB17: =IF(AA17=0,"-",Z17/AA17) -> - | AC17: 1 | AD17: 1 | AE17: =IF(AD17=0,"-",AC17/AD17) -> 1 | AF17: 0 | AG17: 0 | AH17: =IF(AG17=0,"-",AF17/AG17) -> - | AI17: 8 | AJ17: 2 | AK17: =IF(AJ17=0,"-",AI17/AJ17) -> 4 | AL17: 15 | AM17: 2 | AN17: =IF(AM17=0,"",AL17/AM17) -> 7.5 | AO17: 0 | AP17: 0 | AQ17: =IF(AP17=0,"-",AO17/AP17) -> - | AR17: 0 | AS17: 0 | AT17: =IF(AS17=0,"-",AR17/AS17) -> - | AU17: 0 | AV17: 0 | AW17: =IF(AV17=0,"-",AU17/AV17) -> - | AX17: 0 | AY17: 0 | AZ17: =IF(AY17=0,"-",AX17/AY17) -> - | BA17: 24 | BB17: 3 | BC17: =IF(BB17=0,"",BA17/BB17) -> 8 | BD17: 0 | BE17: 0 | BF17: =IF(BE17=0,"-",BD17/BE17) -> - | BG17: 0 | BH17: 0 | BI17: =IF(BH17=0,"-",BG17/BH17) -> - | BJ17: 0 | BK17: 0 | BL17: =IF(BK17=0,"-",BJ17/BK17) -> - | BM17: =BJ17+BG17+BD17+BA17+AX17+AU17+AR17+AO17+AL17+K17+Q17+N17+H17+E17+AI17+AF17+AC17+Z17+W17+B17 -> 343 | BN17: =BK17+BH17+BE17+BB17+AY17+AV17+AS17+AP17+AM17+L17+R17+O17+I17+F17+AJ17+AG17+AD17+AA17+X17+C17 -> 58 | BO17: =IF(BN17=0,"",BM17/BN17) -> 5.9137931
A18: 45244 | B18: 53 | C18: 6 | D18: =IF(C18=0,"",B18/C18) -> 8.8333333 | E18: 0 | F18: 0 | G18: =IF(F18=0,"-",E18/F18) -> - | H18: 0 | I18: 0 | J18: =IF(I18=0,"-",H18/I18) -> - | K18: 0 | L18: 0 | M18: =IF(L18=0,"-",K18/L18) -> - | N18: 38 | O18: 5 | P18: =IF(O18=0,"",N18/O18) -> 7.6 | Q18: 4 | R18: 1 | S18: =IF(R18=0,"",Q18/R18) -> 4 | T18: 6 | U18: 1 | V18: =IF(U18=0,"-",T18/U18) -> 6 | W18: 1 | X18: 1 | Y18: =IF(X18=0,"-",W18/X18) -> 1 | Z18: 0 | AA18: 0 | AB18: =IF(AA18=0,"-",Z18/AA18) -> - | AC18: 0 | AD18: 0 | AE18: =IF(AD18=0,"-",AC18/AD18) -> - | AF18: 0 | AG18: 0 | AH18: =IF(AG18=0,"-",AF18/AG18) -> - | AI18: 2 | AJ18: 1 | AK18: =IF(AJ18=0,"-",AI18/AJ18) -> 2 | AL18: 58 | AM18: 7 | AN18: =IF(AM18=0,"",AL18/AM18) -> 8.2857143 | AO18: 0 | AP18: 0 | AQ18: =IF(AP18=0,"-",AO18/AP18) -> - | AR18: 0 | AS18: 0 | AT18: =IF(AS18=0,"-",AR18/AS18) -> - | AU18: 0 | AV18: 0 | AW18: =IF(AV18=0,"-",AU18/AV18) -> - | AX18: 0 | AY18: 0 | AZ18: =IF(AY18=0,"-",AX18/AY18) -> - | BA18: 94 | BB18: 14 | BC18: =IF(BB18=0,"-",BA18/BB18) -> 6.7142857 | BD18: 0 | BE18: 0 | BF18: =IF(BE18=0,"-",BD18/BE18) -> - | BG18: 0 | BH18: 0 | BI18: =IF(BH18=0,"-",BG18/BH18) -> - | BJ18: 0 | BK18: 0 | BL18: =IF(BK18=0,"-",BJ18/BK18) -> - | BM18: =BJ18+BG18+BD18+BA18+AX18+AU18+AR18+AO18+AL18+K18+Q18+N18+H18+E18+AI18+AF18+AC18+Z18+W18+B18 -> 250 | BN18: =BK18+BH18+BE18+BB18+AY18+AV18+AS18+AP18+AM18+L18+R18+O18+I18+F18+AJ18+AG18+AD18+AA18+X18+C18 -> 35 | BO18: =IF(BN18=0,"",BM18/BN18) -> 7.1428571
A19: 45245 | B19: 127 | C19: 14 | D19: =IF(C19=0,"",B19/C19) -> 9.0714286 | E19: 16 | F19: 2 | G19: =IF(F19=0,"",E19/F19) -> 8 | H19: 6 | I19: 1 | J19: =IF(I19=0,"",H19/I19) -> 6 | K19: 0 | L19: 0 | M19: =IF(L19=0,"-",K19/L19) -> - | N19: 17 | O19: 4 | P19: =IF(O19=0,"",N19/O19) -> 4.25 | Q19: 228 | R19: 63 | S19: =IF(R19=0,"",Q19/R19) -> 3.6190476 | T19: 0 | U19: 0 | V19: =IF(U19=0,"-",T19/U19) -> - | W19: 0 | X19: 0 | Y19: =IF(X19=0,"-",W19/X19) -> - | Z19: 0 | AA19: 0 | AB19: =IF(AA19=0,"-",Z19/AA19) -> - | AC19: 0 | AD19: 0 | AE19: =IF(AD19=0,"-",AC19/AD19) -> - | AF19: 0 | AG19: 0 | AH19: =IF(AG19=0,"-",AF19/AG19) -> - | AI19: 0 | AJ19: 0 | AK19: =IF(AJ19=0,"-",AI19/AJ19) -> - | AL19: 13 | AM19: 2 | AN19: =IF(AM19=0,"",AL19/AM19) -> 6.5 | AO19: 0 | AP19: 0 | AQ19: =IF(AP19=0,"-",AO19/AP19) -> - | AR19: 0 | AS19: 0 | AT19: =IF(AS19=0,"-",AR19/AS19) -> - | AU19: 0 | AV19: 0 | AW19: =IF(AV19=0,"-",AU19/AV19) -> - | AX19: 0 | AY19: 0 | AZ19: =IF(AY19=0,"-",AX19/AY19) -> - | BA19: 15 | BB19: 2 | BC19: =IF(BB19=0,"",BA19/BB19) -> 7.5 | BD19: 0 | BE19: 0 | BF19: =IF(BE19=0,"-",BD19/BE19) -> - | BG19: 0 | BH19: 0 | BI19: =IF(BH19=0,"-",BG19/BH19) -> - | BJ19: 0 | BK19: 0 | BL19: =IF(BK19=0,"-",BJ19/BK19) -> - | BM19: =BJ19+BG19+BD19+BA19+AX19+AU19+AR19+AO19+AL19+K19+Q19+N19+H19+E19+AI19+AF19+AC19+Z19+W19+B19 -> 422 | BN19: =BK19+BH19+BE19+BB19+AY19+AV19+AS19+AP19+AM19+L19+R19+O19+I19+F19+AJ19+AG19+AD19+AA19+X19+C19 -> 88 | BO19: =IF(BN19=0,"",BM19/BN19) -> 4.7954545
A20: 45246 | B20: 16 | C20: 2 | D20: =IF(C20=0,"",B20/C20) -> 8 | E20: 8 | F20: 1 | G20: =IF(F20=0,"",E20/F20) -> 8 | H20: 0 | I20: 0 | J20: =IF(I20=0,"-",H20/I20) -> - | K20: 0 | L20: 0 | M20: =IF(L20=0,"-",K20/L20) -> - | N20: 33 | O20: 7 | P20: =IF(O20=0,"",N20/O20) -> 4.7142857 | Q20: 376 | R20: 51 | S20: =IF(R20=0,"",Q20/R20) -> 7.372549 | T20: 0 | U20: 0 | V20: =IF(U20=0,"-",T20/U20) -> - | W20: 0 | X20: 0 | Y20: =IF(X20=0,"-",W20/X20) -> - | Z20: 0 | AA20: 0 | AB20: =IF(AA20=0,"-",Z20/AA20) -> - | AC20: 1 | AD20: 1 | AE20: =IF(AD20=0,"-",AC20/AD20) -> 1 | AF20: 0 | AG20: 0 | AH20: =IF(AG20=0,"-",AF20/AG20) -> - | AI20: 13 | AJ20: 4 | AK20: =IF(AJ20=0,"-",AI20/AJ20) -> 3.25 | AL20: 0 | AM20: 0 | AN20: =IF(AM20=0,"-",AL20/AM20) -> - | AO20: 0 | AP20: 0 | AQ20: =IF(AP20=0,"-",AO20/AP20) -> - | AR20: 0 | AS20: 0 | AT20: =IF(AS20=0,"-",AR20/AS20) -> - | AU20: 0 | AV20: 0 | AW20: =IF(AV20=0,"-",AU20/AV20) -> - | AX20: 0 | AY20: 0 | AZ20: =IF(AY20=0,"-",AX20/AY20) -> - | BA20: 0 | BB20: 0 | BC20: =IF(BB20=0,"-",BA20/BB20) -> - | BD20: 0 | BE20: 0 | BF20: =IF(BE20=0,"-",BD20/BE20) -> - | BG20: 0 | BH20: 0 | BI20: =IF(BH20=0,"-",BG20/BH20) -> - | BJ20: 0 | BK20: 0 | BL20: =IF(BK20=0,"-",BJ20/BK20) -> - | BM20: =BJ20+BG20+BD20+BA20+AX20+AU20+AR20+AO20+AL20+K20+Q20+N20+H20+E20+AI20+AF20+AC20+Z20+W20+B20 -> 447 | BN20: =BK20+BH20+BE20+BB20+AY20+AV20+AS20+AP20+AM20+L20+R20+O20+I20+F20+AJ20+AG20+AD20+AA20+X20+C20 -> 66 | BO20: =IF(BN20=0,"",BM20/BN20) -> 6.7727273
A21: 45247 | B21: 48 | C21: 5 | D21: =IF(C21=0,"",B21/C21) -> 9.6 | E21: 0 | F21: 0 | G21: =IF(F21=0,"-",E21/F21) -> - | H21: 0 | I21: 0 | J21: =IF(I21=0,"-",H21/I21) -> - | K21: 0 | L21: 0 | M21: =IF(L21=0,"-",K21/L21) -> - | N21: 29 | O21: 6 | P21: =IF(O21=0,"",N21/O21) -> 4.8333333 | Q21: 118 | R21: 18 | S21: =IF(R21=0,"",Q21/R21) -> 6.5555556 | T21: 0 | U21: 0 | V21: =IF(U21=0,"-",T21/U21) -> - | W21: 0 | X21: 0 | Y21: =IF(X21=0,"-",W21/X21) -> - | Z21: 0 | AA21: 0 | AB21: =IF(AA21=0,"-",Z21/AA21) -> - | AC21: 0 | AD21: 0 | AE21: =IF(AD21=0,"-",AC21/AD21) -> - | AF21: 0 | AG21: 0 | AH21: =IF(AG21=0,"-",AF21/AG21) -> - | AI21: 0 | AJ21: 0 | AK21: =IF(AJ21=0,"-",AI21/AJ21) -> - | AL21: 0 | AM21: 0 | AN21: =IF(AM21=0,"-",AL21/AM21) -> - | AO21: 0 | AP21: 0 | AQ21: =IF(AP21=0,"-",AO21/AP21) -> - | AR21: 0 | AS21: 0 | AT21: =IF(AS21=0,"-",AR21/AS21) -> - | AU21: 0 | AV21: 0 | AW21: =IF(AV21=0,"-",AU21/AV21) -> - | AX21: 0 | AY21: 0 | AZ21: =IF(AY21=0,"-",AX21/AY21) -> - | BA21: 61 | BB21: 10 | BC21: =IF(BB21=0,"",BA21/BB21) -> 6.1 | BD21: 0 | BE21: 0 | BF21: =IF(BE21=0,"-",BD21/BE21) -> - | BG21: 0 | BH21: 0 | BI21: =IF(BH21=0,"-",BG21/BH21) -> - | BJ21: 0 | BK21: 0 | BL21: =IF(BK21=0,"-",BJ21/BK21) -> - | BM21: =BJ21+BG21+BD21+BA21+AX21+AU21+AR21+AO21+AL21+K21+Q21+N21+H21+E21+AI21+AF21+AC21+Z21+W21+B21 -> 256 | BN21: =BK21+BH21+BE21+BB21+AY21+AV21+AS21+AP21+AM21+L21+R21+O21+I21+F21+AJ21+AG21+AD21+AA21+X21+C21 -> 39 | BO21: =IF(BN21=0,"",BM21/BN21) -> 6.5641026
A22: 45248 | B22: 102 | C22: 11 | D22: =IF(C22=0,"",B22/C22) -> 9.2727273 | E22: 0 | F22: 0 | G22: =IF(F22=0,"-",E22/F22) -> - | H22: 21 | I22: 3 | J22: =IF(I22=0,"",H22/I22) -> 7 | K22: 0 | L22: 0 | M22: =IF(L22=0,"-",K22/L22) -> - | N22: 60 | O22: 14 | P22: =IF(O22=0,"",N22/O22) -> 4.2857143 | Q22: 0 | R22: 0 | S22: =IF(R22=0,"-",Q22/R22) -> - | T22: 0 | U22: 0 | V22: =IF(U22=0,"-",T22/U22) -> - | W22: 8 | X22: 1 | Y22: =IF(X22=0,"-",W22/X22) -> 8 | Z22: 0 | AA22: 0 | AB22: =IF(AA22=0,"-",Z22/AA22) -> - | AC22: 5 | AD22: 1 | AE22: =IF(AD22=0,"-",AC22/AD22) -> 5 | AF22: 0 | AG22: 0 | AH22: =IF(AG22=0,"-",AF22/AG22) -> - | AI22: 1 | AJ22: 1 | AK22: =IF(AJ22=0,"-",AI22/AJ22) -> 1 | AL22: 8 | AM22: 1 | AN22: =IF(AM22=0,"",AL22/AM22) -> 8 | AO22: 0 | AP22: 0 | AQ22: =IF(AP22=0,"-",AO22/AP22) -> - | AR22: 0 | AS22: 0 | AT22: =IF(AS22=0,"-",AR22/AS22) -> - | AU22: 0 | AV22: 0 | AW22: =IF(AV22=0,"-",AU22/AV22) -> - | AX22: 0 | AY22: 0 | AZ22: =IF(AY22=0,"-",AX22/AY22) -> - | BA22: 94 | BB22: 15 | BC22: =IF(BB22=0,"",BA22/BB22) -> 6.2666667 | BD22: 0 | BE22: 0 | BF22: =IF(BE22=0,"-",BD22/BE22) -> - | BG22: 0 | BH22: 0 | BI22: =IF(BH22=0,"-",BG22/BH22) -> - | BJ22: 0 | BK22: 0 | BL22: =IF(BK22=0,"-",BJ22/BK22) -> - | BM22: =BJ22+BG22+BD22+BA22+AX22+AU22+AR22+AO22+AL22+K22+Q22+N22+H22+E22+AI22+AF22+AC22+Z22+W22+B22 -> 299 | BN22: =BK22+BH22+BE22+BB22+AY22+AV22+AS22+AP22+AM22+L22+R22+O22+I22+F22+AJ22+AG22+AD22+AA22+X22+C22 -> 47 | BO22: =IF(BN22=0,"",BM22/BN22) -> 6.3617021
A23: 45249 | B23: 79 | C23: 9 | D23: =IF(C23=0,"",B23/C23) -> 8.7777778 | E23: 8 | F23: 1 | G23: =IF(F23=0,"",E23/F23) -> 8 | H23: 0 | I23: 0 | J23: =IF(I23=0,"-",H23/I23) -> - | K23: 0 | L23: 0 | M23: =IF(L23=0,"-",K23/L23) -> - | N23: 12 | O23: 3 | P23: =IF(O23=0,"",N23/O23) -> 4 | Q23: 0 | R23: 0 | S23: =IF(R23=0,"-",Q23/R23) -> - | T23: 0 | U23: 0 | V23: =IF(U23=0,"-",T23/U23) -> - | W23: 0 | X23: 0 | Y23: =IF(X23=0,"-",W23/X23) -> - | Z23: 0 | AA23: 0 | AB23: =IF(AA23=0,"-",Z23/AA23) -> - | AC23: 0 | AD23: 0 | AE23: =IF(AD23=0,"-",AC23/AD23) -> - | AF23: 0 | AG23: 0 | AH23: =IF(AG23=0,"-",AF23/AG23) -> - | AI23: 0 | AJ23: 0 | AK23: =IF(AJ23=0,"-",AI23/AJ23) -> - | AL23: 31 | AM23: 4 | AN23: =IF(AM23=0,"",AL23/AM23) -> 7.75 | AO23: 0 | AP23: 0 | AQ23: =IF(AP23=0,"-",AO23/AP23) -> - | AR23: 0 | AS23: 0 | AT23: =IF(AS23=0,"-",AR23/AS23) -> - | AU23: 15 | AV23: 2 | AW23: =IF(AV23=0,"-",AU23/AV23) -> 7.5 | AX23: 0 | AY23: 0 | AZ23: =IF(AY23=0,"-",AX23/AY23) -> - | BA23: 0 | BB23: 0 | BC23: =IF(BB23=0,"-",BA23/BB23) -> - | BD23: 0 | BE23: 0 | BF23: =IF(BE23=0,"-",BD23/BE23) -> - | BG23: 0 | BH23: 0 | BI23: =IF(BH23=0,"-",BG23/BH23) -> - | BJ23: 0 | BK23: 0 | BL23: =IF(BK23=0,"-",BJ23/BK23) -> - | BM23: =BJ23+BG23+BD23+BA23+AX23+AU23+AR23+AO23+AL23+K23+Q23+N23+H23+E23+AI23+AF23+AC23+Z23+W23+B23 -> 145 | BN23: =BK23+BH23+BE23+BB23+AY23+AV23+AS23+AP23+AM23+L23+R23+O23+I23+F23+AJ23+AG23+AD23+AA23+X23+C23 -> 19 | BO23: =IF(BN23=0,"",BM23/BN23) -> 7.6315789
A24: 45250 | B24: 35 | C24: 4 | D24: =IF(C24=0,"",B24/C24) -> 8.75 | E24: 6 | F24: 1 | G24: =IF(F24=0,"",E24/F24) -> 6 | H24: 0 | I24: 0 | J24: =IF(I24=0,"-",H24/I24) -> - | K24: 0 | L24: 0 | M24: =IF(L24=0,"-",K24/L24) -> - | N24: 28 | O24: 6 | P24: =IF(O24=0,"",N24/O24) -> 4.6666667 | Q24: 0 | R24: 0 | S24: =IF(R24=0,"-",Q24/R24) -> - | T24: 0 | U24: 0 | V24: =IF(U24=0,"-",T24/U24) -> - | W24: 0 | X24: 0 | Y24: =IF(X24=0,"-",W24/X24) -> - | Z24: 0 | AA24: 0 | AB24: =IF(AA24=0,"-",Z24/AA24) -> - | AC24: 4 | AD24: 2 | AE24: =IF(AD24=0,"-",AC24/AD24) -> 2 | AF24: 0 | AG24: 0 | AH24: =IF(AG24=0,"-",AF24/AG24) -> - | AI24: 4 | AJ24: 2 | AK24: =IF(AJ24=0,"-",AI24/AJ24) -> 2 | AL24: 0 | AM24: 0 | AN24: =IF(AM24=0,"-",AL24/AM24) -> - | AO24: 0 | AP24: 0 | AQ24: =IF(AP24=0,"-",AO24/AP24) -> - | AR24: 0 | AS24: 0 | AT24: =IF(AS24=0,"-",AR24/AS24) -> - | AU24: 0 | AV24: 0 | AW24: =IF(AV24=0,"-",AU24/AV24) -> - | AX24: 0 | AY24: 0 | AZ24: =IF(AY24=0,"-",AX24/AY24) -> - | BA24: 20 | BB24: 3 | BC24: =IF(BB24=0,"-",BA24/BB24) -> 6.6666667 | BD24: 0 | BE24: 0 | BF24: =IF(BE24=0,"-",BD24/BE24) -> - | BG24: 0 | BH24: 0 | BI24: =IF(BH24=0,"-",BG24/BH24) -> - | BJ24: 0 | BK24: 0 | BL24: =IF(BK24=0,"-",BJ24/BK24) -> - | BM24: =BJ24+BG24+BD24+BA24+AX24+AU24+AR24+AO24+AL24+K24+Q24+N24+H24+E24+AI24+AF24+AC24+Z24+W24+B24 -> 97 | BN24: =BK24+BH24+BE24+BB24+AY24+AV24+AS24+AP24+AM24+L24+R24+O24+I24+F24+AJ24+AG24+AD24+AA24+X24+C24 -> 18 | BO24: =IF(BN24=0,"",BM24/BN24) -> 5.3888889
A25: 45251 | B25: 9 | C25: 1 | D25: =IF(C25=0,"",B25/C25) -> 9 | E25: 0 | F25: 0 | G25: =IF(F25=0,"-",E25/F25) -> - | H25: 9 | I25: 1 | J25: =IF(I25=0,"",H25/I25) -> 9 | K25: 0 | L25: 0 | M25: =IF(L25=0,"-",K25/L25) -> - | N25: 18 | O25: 3 | P25: =IF(O25=0,"",N25/O25) -> 6 | Q25: 0 | R25: 0 | S25: =IF(R25=0,"-",Q25/R25) -> - | T25: 0 | U25: 0 | V25: =IF(U25=0,"-",T25/U25) -> - | W25: 6 | X25: 1 | Y25: =IF(X25=0,"-",W25/X25) -> 6 | Z25: 0 | AA25: 0 | AB25: =IF(AA25=0,"-",Z25/AA25) -> - | AC25: 5 | AD25: 1 | AE25: =IF(AD25=0,"-",AC25/AD25) -> 5 | AF25: 0 | AG25: 0 | AH25: =IF(AG25=0,"-",AF25/AG25) -> - | AI25: 15 | AJ25: 3 | AK25: =IF(AJ25=0,"-",AI25/AJ25) -> 5 | AL25: 29 | AM25: 5 | AN25: =IF(AM25=0,"",AL25/AM25) -> 5.8 | AO25: 0 | AP25: 0 | AQ25: =IF(AP25=0,"-",AO25/AP25) -> - | AR25: 0 | AS25: 0 | AT25: =IF(AS25=0,"-",AR25/AS25) -> - | AU25: 0 | AV25: 0 | AW25: =IF(AV25=0,"-",AU25/AV25) -> - | AX25: 0 | AY25: 0 | AZ25: =IF(AY25=0,"-",AX25/AY25) -> - | BA25: 0 | BB25: 0 | BC25: =IF(BB25=0,"-",BA25/BB25) -> - | BD25: 0 | BE25: 0 | BF25: =IF(BE25=0,"-",BD25/BE25) -> - | BG25: 0 | BH25: 0 | BI25: =IF(BH25=0,"-",BG25/BH25) -> - | BJ25: 0 | BK25: 0 | BL25: =IF(BK25=0,"-",BJ25/BK25) -> - | BM25: =BJ25+BG25+BD25+BA25+AX25+AU25+AR25+AO25+AL25+K25+Q25+N25+H25+E25+AI25+AF25+AC25+Z25+W25+B25 -> 91 | BN25: =BK25+BH25+BE25+BB25+AY25+AV25+AS25+AP25+AM25+L25+R25+O25+I25+F25+AJ26+AG25+AD25+AA25+X25+C25 -> 14 | BO25: =IF(BN25=0,"",BM25/BN25) -> 6.5
A26: 45252 | B26: 43 | C26: 6 | D26: =IF(C26=0,"",B26/C26) -> 7.1666667 | E26: 15 | F26: 2 | G26: =IF(F26=0,"",E26/F26) -> 7.5 | H26: 24 | I26: 3 | J26: =IF(I26=0,"",H26/I26) -> 8 | K26: 0 | L26: 0 | M26: =IF(L26=0,"-",K26/L26) -> - | N26: 49 | O26: 9 | P26: =IF(O26=0,"",N26/O26) -> 5.4444444 | Q26: 0 | R26: 0 | S26: =IF(R26=0,"-",Q26/R26) -> - | T26: 0 | U26: 0 | V26: =IF(U26=0,"-",T26/U26) -> - | W26: 0 | X26: 0 | Y26: =IF(X26=0,"-",W26/X26) -> - | Z26: 0 | AA26: 0 | AB26: =IF(AA26=0,"-",Z26/AA26) -> - | AC26: 1 | AD26: 1 | AE26: =IF(AD26=0,"-",AC26/AD26) -> 1 | AF26: 0 | AG26: 0 | AH26: =IF(AG26=0,"-",AF26/AG26) -> - | AI26: 10 | AJ26: 2 | AK26: =IF(AJ26=0,"-",AI26/AJ26) -> 5 | AL26: 16 | AM26: 2 | AN26: =IF(AM26=0,"",AL26/AM26) -> 8 | AO26: 0 | AP26: 0 | AQ26: =IF(AP26=0,"-",AO26/AP26) -> - | AR26: 0 | AS26: 0 | AT26: =IF(AS26=0,"-",AR26/AS26) -> - | AU26: 0 | AV26: 0 | AW26: =IF(AV26=0,"-",AU26/AV26) -> - | AX26: 0 | AY26: 0 | AZ26: =IF(AY26=0,"-",AX26/AY26) -> - | BA26: 30 | BB26: 4 | BC26: =IF(BB26=0,"-",BA26/BB26) -> 7.5 | BD26: 0 | BE26: 0 | BF26: =IF(BE26=0,"-",BD26/BE26) -> - | BG26: 0 | BH26: 0 | BI26: =IF(BH26=0,"-",BG26/BH26) -> - | BJ26: 0 | BK26: 0 | BL26: =IF(BK26=0,"-",BJ26/BK26) -> - | BM26: =BJ26+BG26+BD26+BA26+AX26+AU26+AR26+AO26+AL26+K26+Q26+N26+H26+E26+AI26+AF26+AC26+Z26+W26+B26 -> 188 | BN26: =BK26+BH26+BE26+BB26+AY26+AV26+AS26+AP26+AM26+L26+R26+O26+I26+F26+AJ27+AG26+AD26+AA26+X26+C26 -> 27 | BO26: =IF(BN26=0,"",BM26/BN26) -> 6.962963
A27: 45253 | B27: 97 | C27: 11 | D27: =IF(C27=0,"",B27/C27) -> 8.8181818 | E27: 8 | F27: 1 | G27: =IF(F27=0,"",E27/F27) -> 8 | H27: 22 | I27: 3 | J27: =IF(I27=0,"",H27/I27) -> 7.3333333 | K27: 0 | L27: 0 | M27: =IF(L27=0,"-",K27/L27) -> - | N27: 42 | O27: 11 | P27: =IF(O27=0,"",N27/O27) -> 3.8181818 | Q27: 0 | R27: 0 | S27: =IF(R27=0,"-",Q27/R27) -> - | T27: 0 | U27: 0 | V27: =IF(U27=0,"-",T27/U27) -> - | W27: 0 | X27: 0 | Y27: =IF(X27=0,"-",W27/X27) -> - | Z27: 0 | AA27: 0 | AB27: =IF(AA27=0,"-",Z27/AA27) -> - | AC27: 0 | AD27: 0 | AE27: =IF(AD27=0,"-",AC27/AD27) -> - | AF27: 0 | AG27: 0 | AH27: =IF(AG27=0,"-",AF27/AG27) -> - | AI27: 0 | AJ27: 0 | AK27: =IF(AJ27=0,"-",AI27/AJ27) -> - | AL27: 17 | AM27: 2 | AN27: =IF(AM27=0,"",AL27/AM27) -> 8.5 | AO27: 0 | AP27: 0 | AQ27: =IF(AP27=0,"-",AO27/AP27) -> - | AR27: 0 | AS27: 0 | AT27: =IF(AS27=0,"-",AR27/AS27) -> - | AU27: 0 | AV27: 0 | AW27: =IF(AV27=0,"-",AU27/AV27) -> - | AX27: 0 | AY27: 0 | AZ27: =IF(AY27=0,"-",AX27/AY27) -> - | BA27: 10 | BB27: 2 | BC27: =IF(BB27=0,"-",BA27/BB27) -> 5 | BD27: 0 | BE27: 0 | BF27: =IF(BE27=0,"-",BD27/BE27) -> - | BG27: 0 | BH27: 0 | BI27: =IF(BH27=0,"-",BG27/BH27) -> - | BJ27: 0 | BK27: 0 | BL27: =IF(BK27=0,"-",BJ27/BK27) -> - | BM27: =BJ27+BG27+BD27+BA27+AX27+AU27+AR27+AO27+AL27+K27+Q27+N27+H27+E27+AI27+AF27+AC27+Z27+W27+B27 -> 196 | BN27: =BK27+BH27+BE27+BB27+AY27+AV27+AS27+AP27+AM27+L27+R27+O27+I27+F27+AJ27+AG27+AD27+AA27+X27+C27 -> 30 | BO27: =IF(BN27=0,"",BM27/BN27) -> 6.5333333
A28: 45254 | B28: 17 | C28: 2 | D28: =IF(C28=0,"",B28/C28) -> 8.5 | E28: 0 | F28: 0 | G28: =IF(F28=0,"-",E28/F28) -> - | H28: 25 | I28: 5 | J28: =IF(I28=0,"",H28/I28) -> 5 | K28: 25 | L28: 3 | M28: =IF(L28=0,"",K28/L28) -> 8.3333333 | N28: 46 | O28: 9 | P28: =IF(O28=0,"",N28/O28) -> 5.1111111 | Q28: 0 | R28: 0 | S28: =IF(R28=0,"-",Q28/R28) -> - | T28: 0 | U28: 0 | V28: =IF(U28=0,"-",T28/U28) -> - | W28: 4 | X28: 1 | Y28: =IF(X28=0,"-",W28/X28) -> 4 | Z28: 0 | AA28: 0 | AB28: =IF(AA28=0,"-",Z28/AA28) -> - | AC28: 0 | AD28: 0 | AE28: =IF(AD28=0,"-",AC28/AD28) -> - | AF28: 0 | AG28: 0 | AH28: =IF(AG28=0,"-",AF28/AG28) -> - | AI28: 0 | AJ28: 0 | AK28: =IF(AJ28=0,"-",AI28/AJ28) -> - | AL28: 53 | AM28: 7 | AN28: =IF(AM28=0,"",AL28/AM28) -> 7.5714286 | AO28: 0 | AP28: 0 | AQ28: =IF(AP28=0,"-",AO28/AP28) -> - | AR28: 0 | AS28: 0 | AT28: =IF(AS28=0,"-",AR28/AS28) -> - | AU28: 6 | AV28: 1 | AW28: =IF(AV28=0,"-",AU28/AV28) -> 6 | AX28: 0 | AY28: 0 | AZ28: =IF(AY28=0,"-",AX28/AY28) -> - | BA28: 26 | BB28: 4 | BC28: =IF(BB28=0,"-",BA28/BB28) -> 6.5 | BD28: 0 | BE28: 0 | BF28: =IF(BE28=0,"-",BD28/BE28) -> - | BG28: 0 | BH28: 0 | BI28: =IF(BH28=0,"-",BG28/BH28) -> - | BJ28: 0 | BK28: 0 | BL28: =IF(BK28=0,"-",BJ28/BK28) -> - | BM28: =BJ28+BG28+BD28+BA28+AX28+AU28+AR28+AO28+AL28+K28+Q28+N28+H28+E28+AI28+AF28+AC28+Z28+W28+B28 -> 202 | BN28: =BK28+BH28+BE28+BB28+AY28+AV28+AS28+AP28+AM28+L28+R28+O28+I28+F28+AJ28+AG28+AD28+AA28+X28+C28 -> 32 | BO28: =IF(BN28=0,"",BM28/BN28) -> 6.3125
A29: 45255 | B29: 69 | C29: 7 | D29: =IF(C29=0,"-",B29/C29) -> 9.8571429 | E29: 0 | F29: 0 | G29: =IF(F29=0,"-",E29/F29) -> - | H29: 0 | I29: 0 | J29: =IF(I29=0,"-",H29/I29) -> - | K29: 9 | L29: 2 | M29: =IF(L29=0,"-",K29/L29) -> 4.5 | N29: 24 | O29: 4 | P29: =IF(O29=0,"",N29/O29) -> 6 | Q29: 0 | R29: 0 | S29: =IF(R29=0,"-",Q29/R29) -> - | T29: 12 | U29: 2 | V29: =IF(U29=0,"-",T29/U29) -> 6 | W29: 8 | X29: 2 | Y29: =IF(X29=0,"-",W29/X29) -> 4 | Z29: 0 | AA29: 0 | AB29: =IF(AA29=0,"-",Z29/AA29) -> - | AC29: 0 | AD29: 0 | AE29: =IF(AD29=0,"-",AC29/AD29) -> - | AF29: 0 | AG29: 0 | AH29: =IF(AG29=0,"-",AF29/AG29) -> - | AI29: 0 | AJ29: 0 | AK29: =IF(AJ29=0,"-",AI29/AJ29) -> - | AL29: 23 | AM29: 3 | AN29: =IF(AM29=0,"",AL29/AM29) -> 7.6666667 | AO29: 0 | AP29: 0 | AQ29: =IF(AP29=0,"-",AO29/AP29) -> - | AR29: 0 | AS29: 0 | AT29: =IF(AS29=0,"-",AR29/AS29) -> - | AU29: 0 | AV29: 0 | AW29: =IF(AV29=0,"-",AU29/AV29) -> - | AX29: 0 | AY29: 0 | AZ29: =IF(AY29=0,"-",AX29/AY29) -> - | BA29: 20 | BB29: 4 | BC29: =IF(BB29=0,"-",BA29/BB29) -> 5 | BD29: 0 | BE29: 0 | BF29: =IF(BE29=0,"-",BD29/BE29) -> - | BG29: 0 | BH29: 0 | BI29: =IF(BH29=0,"-",BG29/BH29) -> - | BJ29: 0 | BK29: 0 | BL29: =IF(BK29=0,"-",BJ29/BK29) -> - | BM29: =BJ29+BG29+BD29+BA29+AX29+AU29+AR29+AO29+AL29+K29+Q29+N29+H29+E29+AI29+AF29+AC29+Z29+W29+B29 -> 153 | BN29: =BK29+BH29+BE29+BB29+AY29+AV29+AS29+AP29+AM29+L29+R29+O29+I29+F29+AJ29+AG29+AD29+AA29+X29+C29 -> 22 | BO29: =IF(BN29=0,"",BM29/BN29) -> 6.9545455
A30: 45256 | B30: 59 | C30: 6 | D30: =IF(C30=0,"",B30/C30) -> 9.8333333 | E30: 6 | F30: 1 | G30: =IF(F30=0,"",E30/F30) -> 6 | H30: 0 | I30: 0 | J30: =IF(I30=0,"-",H30/I30) -> - | K30: 0 | L30: 0 | M30: =IF(L30=0,"-",K30/L30) -> - | N30: 0 | O30: 0 | P30: =IF(O30=0,"-",N30/O30) -> - | Q30: 0 | R30: 0 | S30: =IF(R30=0,"-",Q30/R30) -> - | T30: 0 | U30: 0 | V30: =IF(U30=0,"-",T30/U30) -> - | W30: 0 | X30: 0 | Y30: =IF(X30=0,"-",W30/X30) -> - | Z30: 0 | AA30: 0 | AB30: =IF(AA30=0,"-",Z30/AA30) -> - | AC30: 3 | AD30: 1 | AE30: =IF(AD30=0,"-",AC30/AD30) -> 3 | AF30: 0 | AG30: 0 | AH30: =IF(AG30=0,"-",AF30/AG30) -> - | AI30: 2 | AJ30: 1 | AK30: =IF(AJ30=0,"-",AI30/AJ30) -> 2 | AL30: 76 | AM30: 12 | AN30: =IF(AM30=0,"",AL30/AM30) -> 6.3333333 | AO30: 0 | AP30: 0 | AQ30: =IF(AP30=0,"-",AO30/AP30) -> - | AR30: 0 | AS30: 0 | AT30: =IF(AS30=0,"-",AR30/AS30) -> - | AU30: 7 | AV30: 1 | AW30: =IF(AV30=0,"-",AU30/AV30) -> 7 | AX30: 0 | AY30: 0 | AZ30: =IF(AY30=0,"-",AX30/AY30) -> - | BA30: 0 | BB30: 0 | BC30: =IF(BB30=0,"-",BA30/BB30) -> - | BD30: 0 | BE30: 0 | BF30: =IF(BE30=0,"-",BD30/BE30) -> - | BG30: 0 | BH30: 0 | BI30: =IF(BH30=0,"-",BG30/BH30) -> - | BJ30: 0 | BK30: 0 | BL30: =IF(BK30=0,"-",BJ30/BK30) -> - | BM30: =BJ30+BG30+BD30+BA30+AX30+AU30+AR30+AO30+AL30+K30+Q30+N30+H30+E30+AI30+AF30+AC30+Z30+W30+B30 -> 153 | BN30: =BK30+BH30+BE30+BB30+AY30+AV30+AS30+AP30+AM30+L30+R30+O30+I30+F30+AJ30+AG30+AD30+AA30+X30+C30 -> 22 | BO30: =IF(BN30=0,"",BM30/BN30) -> 6.9545455
A31: 45257 | B31: 70 | C31: 8 | D31: =IF(C31=0,"",B31/C31) -> 8.75 | E31: 6 | F31: 1 | G31: =IF(F31=0,"",E31/F31) -> 6 | H31: 11 | I31: 2 | J31: =IF(I31=0,"",H31/I31) -> 5.5 | K31: 0 | L31: 0 | M31: =IF(L31=0,"-",K31/L31) -> - | N31: 30 | O31: 6 | P31: =IF(O31=0,"",N31/O31) -> 5 | Q31: 0 | R31: 0 | S31: =IF(R31=0,"-",Q31/R31) -> - | T31: 11 | U31: 2 | V31: =IF(U31=0,"-",T31/U31) -> 5.5 | W31: 0 | X31: 0 | Y31: =IF(X31=0,"-",W31/X31) -> - | Z31: 0 | AA31: 0 | AB31: =IF(AA31=0,"-",Z31/AA31) -> - | AC31: 0 | AD31: 0 | AE31: =IF(AD31=0,"-",AC31/AD31) -> - | AF31: 0 | AG31: 0 | AH31: =IF(AG31=0,"-",AF31/AG31) -> - | AI31: 0 | AJ31: 0 | AK31: =IF(AJ31=0,"-",AI31/AJ31) -> - | AL31: 28 | AM31: 4 | AN31: =IF(AM31=0,"",AL31/AM31) -> 7 | AO31: 0 | AP31: 0 | AQ31: =IF(AP31=0,"-",AO31/AP31) -> - | AR31: 0 | AS31: 0 | AT31: =IF(AS31=0,"-",AR31/AS31) -> - | AU31: 0 | AV31: 0 | AW31: =IF(AV31=0,"-",AU31/AV31) -> - | AX31: 0 | AY31: 0 | AZ31: =IF(AY31=0,"-",AX31/AY31) -> - | BA31: 0 | BB31: 0 | BC31: =IF(BB31=0,"-",BA31/BB31) -> - | BD31: 0 | BE31: 0 | BF31: =IF(BE31=0,"-",BD31/BE31) -> - | BG31: 0 | BH31: 0 | BI31: =IF(BH31=0,"-",BG31/BH31) -> - | BJ31: 0 | BK31: 0 | BL31: =IF(BK31=0,"-",BJ31/BK31) -> - | BM31: =BJ31+BG31+BD31+BA31+AX31+AU31+AR31+AO31+AL31+K31+Q31+N31+H31+E31+AI31+AF31+AC31+Z31+W31+B31 -> 145 | BN31: =BK31+BH31+BE31+BB31+AY31+AV31+AS31+AP31+AM31+L31+R31+O31+I31+F31+AJ31+AG31+AD31+AA31+X31+C31 -> 21 | BO31: =IF(BN31=0,"",BM31/BN31) -> 6.9047619
A32: 45258 | B32: 34 | C32: 6 | D32: =IF(C32=0,"",B32/C32) -> 5.6666667 | E32: 6 | F32: 1 | G32: =IF(F32=0,"",E32/F32) -> 6 | H32: 0 | I32: 0 | J32: =IF(I32=0,"-",H32/I32) -> - | K32: 0 | L32: 0 | M32: =IF(L32=0,"-",K32/L32) -> - | N32: 35 | O32: 8 | P32: =IF(O32=0,"",N32/O32) -> 4.375 | Q32: 0 | R32: 0 | S32: =IF(R32=0,"-",Q32/R32) -> - | T32: 0 | U32: 0 | V32: =IF(U32=0,"-",T32/U32) -> - | W32: 6 | X32: 1 | Y32: =IF(X32=0,"",W32/X32) -> 6 | Z32: 0 | AA32: 0 | AB32: =IF(AA32=0,"-",Z32/AA32) -> - | AC32: 0 | AD32: 0 | AE32: =IF(AD32=0,"-",AC32/AD32) -> - | AF32: 0 | AG32: 0 | AH32: =IF(AG32=0,"-",AF32/AG32) -> - | AI32: 8 | AJ32: 1 | AK32: =IF(AJ32=0,"",AI32/AJ32) -> 8 | AL32: 29 | AM32: 4 | AN32: =IF(AM32=0,"",AL32/AM32) -> 7.25 | AO32: 0 | AP32: 0 | AQ32: =IF(AP32=0,"-",AO32/AP32) -> - | AR32: 0 | AS32: 0 | AT32: =IF(AS32=0,"-",AR32/AS32) -> - | AU32: 0 | AV32: 0 | AW32: =IF(AV32=0,"-",AU32/AV32) -> - | AX32: 0 | AY32: 0 | AZ32: =IF(AY32=0,"-",AX32/AY32) -> - | BA32: 12 | BB32: 2 | BC32: =IF(BB32=0,"-",BA32/BB32) -> 6 | BD32: 0 | BE32: 0 | BF32: =IF(BE32=0,"-",BD32/BE32) -> - | BG32: 0 | BH32: 0 | BI32: =IF(BH32=0,"-",BG32/BH32) -> - | BJ32: 0 | BK32: 0 | BL32: =IF(BK32=0,"-",BJ32/BK32) -> - | BM32: =BJ32+BG32+BD32+BA32+AX32+AU32+AR32+AO32+AL32+K32+Q32+N32+H32+E32+AI32+AF32+AC32+Z32+W32+B32 -> 130 | BN32: =BK32+BH32+BE32+BB32+AY32+AV32+AS32+AP32+AM32+L32+R32+O32+I32+F32+AJ32+AG32+AD32+AA32+X32+C32 -> 23 | BO32: =IF(BN32=0,"",BM32/BN32) -> 5.6521739
A33: 45259 | B33: 52 | C33: 6 | D33: =IF(C33=0,"",B33/C33) -> 8.6666667 | E33: 0 | F33: 0 | G33: =IF(F33=0,"-",E33/F33) -> - | H33: 6 | I33: 1 | J33: =IF(I33=0,"",H33/I33) -> 6 | K33: 0 | L33: 0 | M33: =IF(L33=0,"-",K33/L33) -> - | N33: 40 | O33: 7 | P33: =IF(O33=0,"",N33/O33) -> 5.7142857 | Q33: 0 | R33: 0 | S33: =IF(R33=0,"-",Q33/R33) -> - | T33: 6 | U33: 1 | V33: =IF(U33=0,"-",T33/U33) -> 6 | W33: 5 | X33: 1 | Y33: =IF(X33=0,"",W33/X33) -> 5 | Z33: 0 | AA33: 0 | AB33: =IF(AA33=0,"-",Z33/AA33) -> - | AC33: 0 | AD33: 0 | AE33: =IF(AD33=0,"-",AC33/AD33) -> - | AF33: 0 | AG33: 0 | AH33: =IF(AG33=0,"-",AF33/AG33) -> - | AI33: 11 | AJ33: 2 | AK33: =IF(AJ33=0,"",AI33/AJ33) -> 5.5 | AL33: 45 | AM33: 6 | AN33: =IF(AM33=0,"",AL33/AM33) -> 7.5 | AO33: 0 | AP33: 0 | AQ33: =IF(AP33=0,"-",AO33/AP33) -> - | AR33: 0 | AS33: 0 | AT33: =IF(AS33=0,"-",AR33/AS33) -> - | AU33: 0 | AV33: 0 | AW33: =IF(AV33=0,"-",AU33/AV33) -> - | AX33: 0 | AY33: 0 | AZ33: =IF(AY33=0,"-",AX33/AY33) -> - | BA33: 0 | BB33: 0 | BC33: =IF(BB33=0,"-",BA33/BB33) -> - | BD33: 0 | BE33: 0 | BF33: =IF(BE33=0,"-",BD33/BE33) -> - | BG33: 0 | BH33: 0 | BI33: =IF(BH33=0,"-",BG33/BH33) -> - | BJ33: 1 | BK33: 1 | BL33: =IF(BK33=0,"",BJ33/BK33) -> 1 | BM33: =BJ33+BG33+BD33+BA33+AX33+AU33+AR33+AO33+AL33+K33+Q33+N33+H33+E33+AI33+AF33+AC33+Z33+W33+B33 -> 160 | BN33: =BK33+BH33+BE33+BB33+AY33+AV33+AS33+AP33+AM33+L33+R33+O33+I33+F33+AJ33+AG33+AD33+AA33+X33+C33 -> 24 | BO33: =IF(BN33=0,"",BM33/BN33) -> 6.6666667
A34: 45260 | B34: 27 | C34: 3 | D34: =IF(C34=0,"",B34/C34) -> 9 | E34: 0 | F34: 0 | G34: =IF(F34=0,"-",E34/F34) -> - | H34: 0 | I34: 0 | J34: =IF(I34=0,"-",H34/I34) -> - | K34: 22 | L34: 3 | M34: =IF(L34=0,"",K34/L34) -> 7.3333333 | N34: 60 | O34: 11 | P34: =IF(O34=0,"",N34/O34) -> 5.4545455 | Q34: 188 | R34: 32 | S34: =IF(R34=0,"-",Q34/R34) -> 5.875 | T34: 0 | U34: 0 | V34: =IF(U34=0,"-",T34/U34) -> - | Y34: =IF(X34=0,"",W34/X34) | AB34: =IF(AA34=0,"",Z34/AA34) | AE34: =IF(AD34=0,"",AC34/AD34) | AH34: =IF(AG34=0,"",AF34/AG34) | AK34: =IF(AJ34=0,"",AI34/AJ34) | AL34: 33 | AM34: 4 | AN34: =IF(AM34=0,"",AL34/AM34) -> 8.25 | AO34: 16 | AP34: 2 | AQ34: =IF(AP34=0,"",AO34/AP34) -> 8 | AR34: 7 | AS34: 1 | AT34: =IF(AS34=0,"",AR34/AS34) -> 7 | AU34: 7 | AV34: 1 | AW34: =IF(AV34=0,"",AU34/AV34) -> 7 | AX34: 0 | AY34: 0 | AZ34: =IF(AY34=0,"-",AX34/AY34) -> - | BA34: 0 | BB34: 0 | BC34: =IF(BB34=0,"-",BA34/BB34) -> - | BD34: 0 | BE34: 0 | BF34: =IF(BE34=0,"-",BD34/BE34) -> - | BG34: 0 | BH34: 0 | BI34: =IF(BH34=0,"-",BG34/BH34) -> - | BJ34: 0 | BK34: 0 | BL34: =IF(BK34=0,"-",BJ34/BK34) -> - | BM34: =BJ34+BG34+BD34+BA34+AX34+AU34+AR34+AO34+AL34+K34+Q34+N34+H34+E34+AI34+AF34+AC34+Z34+W34+B34 -> 360 | BN34: =BK34+BH34+BE34+BB34+AY34+AV34+AS34+AP34+AM34+L34+R34+O34+I34+F34+AJ34+AG34+AD34+AA34+X34+C34 -> 57 | BO34: =IF(BN34=0,"",BM34/BN34) -> 6.3157895
A35: Total | B35: =SUM(B5:B34) -> 1414 | C35: =SUM(C5:C34) -> 169 | D35: =B35/C35 -> 8.3668639 | E35: =SUM(E5:E34) -> 141 | F35: =SUM(F5:F34) -> 19 | G35: =E35/F35 -> 7.4210526 | H35: =SUM(H5:H34) -> 207 | I35: =SUM(I5:I34) -> 29 | J35: =H35/I35 -> 7.137931 | K35: =SUM(K5:K34) -> 58 | L35: =SUM(L5:L34) -> 10 | M35: =K35/L35 -> 5.8 | N35: =SUM(N5:N34) -> 885 | O35: =SUM(O5:O34) -> 177 | P35: =N35/O35 -> 5 | Q35: =SUM(Q5:Q34) -> 4019 | R35: =SUM(R5:R34) -> 639 | S35: =Q35/R35 -> 6.2895149 | T35: =SUM(T5:T34) -> 41 | U35: =SUM(U5:U34) -> 7 | V35: =T35/U35 -> 5.8571429 | W35: =SUM(W5:W34) -> 69 | X35: =SUM(X5:X34) -> 16 | Y35: =W35/X35 -> 4.3125 | Z35: =SUM(Z5:Z34) -> 2 | AA35: =SUM(AA5:AA34) -> 1 | AB35: =Z35/AA35 -> 2 | AC35: =SUM(AC5:AC34) -> 38 | AD35: =SUM(AD5:AD34) -> 13 | AE35: =AC35/AD35 -> 2.9230769 | AF35: =SUM(AF5:AF34) -> 5 | AG35: =SUM(AG5:AG34) -> 1 | AH35: =AF35/AG35 -> 5 | AI35: =SUM(AI5:AI34) -> 103 | AJ35: =SUM(AJ5:AJ34) -> 28 | AK35: =AI35/AJ35 -> 3.6785714 | AL35: =SUM(AL5:AL34) -> 613 | AM35: =SUM(AM5:AM34) -> 86 | AN35: =AL35/AM35 -> 7.127907 | AO35: =SUM(AO5:AO34) -> 29 | AP35: =SUM(AP5:AP34) -> 4 | AQ35: =AO35/AP35 -> 7.25 | AR35: =SUM(AR5:AR34) -> 64 | AS35: =SUM(AS5:AS34) -> 9 | AT35: =AR35/AS35 -> 7.1111111 | AU35: =SUM(AU5:AU34) -> 55 | AV35: =SUM(AV5:AV34) -> 8 | AW35: =AU35/AV35 -> 6.875 | AX35: =SUM(AX5:AX34) -> 26 | AY35: =SUM(AY5:AY34) -> 4 | AZ35: =IF(AY35=0,"-",AX35/AY35) -> 6.5 | BA35: =SUM(BA5:BA34) -> 728 | BB35: =SUM(BB5:BB34) -> 109 | BC35: =BA35/BB35 -> 6.6788991 | BD35: =SUM(BD5:BD34) -> 0 | BE35: =SUM(BE5:BE34) -> 0 | BF35: =IF(BE35=0,"-",BD35/BE35) -> - | BG35: =SUM(BG5:BG34) -> 0 | BH35: =SUM(BH5:BH34) -> 0 | BI35: =IF(BH35=0,"-",BG35/BH35) -> - | BJ35: =SUM(BJ5:BJ34) -> 1 | BK35: =SUM(BK5:BK34) -> 1 | BL35: =IF(BK35=0,"-",BJ35/BK35) -> 1 | BM35: =SUM(BM5:BM34) -> 8457 | BN35: =BK35+BH35+BE35+BB35+AY35+AV35+AS35+AP35+AM35+L35+R35+O35+I35+F35+AJ35+AG35+AD35+AA35+X35+C35 -> 1323 | BO35: =IF(BN35=0,"",BM35/BN35) -> 6.3922902

Sheet Nov 23 Sum
A1: PAYLOAD SUMMARY OCTOBER 2023
A3: Route | B3: Stats | D3: Route | E3: Stats | G3: Route | H3: Stats
A4: Route Kzn - Western Cape | B4: ='Nov 2023'!B35 -> 1414 | D4: Route PE - Kzn | E4: ='Nov 2023'!AL35 -> 613 | G4: Route Gauteng - Kzn | H4: ='Nov 2023'!BA35 -> 728
B5: ='Nov 2023'!C35 -> 169 | E5: ='Nov 2023'!AM35 -> 86 | H5: ='Nov 2023'!BB35 -> 109
B6: ='Nov 2023'!D35 -> 8.3668639 | E6: ='Nov 2023'!AN35 -> 7.127907 | H6: ='Nov 2023'!BC35 -> 6.6788991
A7: Route Kzn - Northern Cape | B7: ='Nov 2023'!E35 -> 141 | D7: Route PE - Western Cape | E7: ='Nov 2023'!AO35 -> 29 | G7: Route Gauteng - Eastern Cape | H7: ='Nov 2023'!BD35 -> 0
B8: ='Nov 2023'!F35 -> 19 | E8: ='Nov 2023'!AP35 -> 4 | H8: ='Nov 2023'!BE35 -> 0 | BQ8: ='Oct 2023'!BL36 -> 6.382999
B9: ='Nov 2023'!G35 -> 7.4210526 | E9: ='Nov 2023'!AQ35 -> 7.25 | H9: ='Nov 2023'!BF35 -> -
A10: Route Kzn - Gauteng | B10: ='Nov 2023'!H35 -> 207 | D10: Route PE - Gauteng | E10: ='Nov 2023'!AR35 -> 64 | G10: Route Gauteng - Western Cape | H10: ='Nov 2023'!BG35 -> 0
B11: ='Nov 2023'!I35 -> 29 | E11: ='Nov 2023'!AS35 -> 9 | H11: ='Nov 2023'!BH35 -> 0
B12: ='Nov 2023'!J35 -> 7.137931 | E12: ='Nov 2023'!AT35 -> 7.1111111 | H12: ='Nov 2023'!BI35 -> -
A13: Route Kzn - Kzn Dealer | B13: ='Nov 2023'!N35 -> 885 | D13: Route PE - Freestate | E13: ='Nov 2023'!AU35 -> 55 | G13: Route Gauteng - Other | H13: ='Nov 2023'!BJ35 -> 1
B14: ='Nov 2023'!O35 -> 177 | E14: ='Nov 2023'!AV35 -> 8 | H14: ='Nov 2023'!BK35 -> 1
B15: ='Nov 2023'!P35 -> 5 | E15: ='Nov 2023'!AW35 -> 6.875 | H15: ='Nov 2023'!BL35 -> 1
A16: Route DCT - VDC and/any other SY | B16: ='Nov 2023'!Q35 -> 4019 | D16: Route PE - Maputo | E16: ='Nov 2023'!AX35 -> 26 | G16: TOTALS | H16: ='Nov 2023'!BM35 -> 8457
B17: ='Nov 2023'!R35 -> 639 | E17: ='Nov 2023'!AY35 -> 4 | H17: ='Nov 2023'!BN35 -> 1323
B18: ='Nov 2023'!S35 -> 6.2895149 | E18: ='Nov 2023'!AZ35 -> 6.5 | H18: =H16/H17 -> 6.3922902
A19: Route Kzn - Other | B19: ='Nov 2023'!K35 -> 58
B20: ='Nov 2023'!L35 -> 10
B21: ='Nov 2023'!M35 -> 5.8
A22: Route KZN - Maputo TTAF | B22: ='Nov 2023'!T35 -> 41
B23: ='Nov 2023'!U35 -> 7
B24: ='Nov 2023'!V35 -> 5.8571429
A25: Route Western Cape to PE | B25: ='Nov 2023'!W35 -> 69
B26: ='Nov 2023'!X35 -> 16
B27: ='Nov 2023'!Y35 -> 4.3125
A28: Route Western Cape to EL | B28: ='Nov 2023'!Z35 -> 2
B29: ='Nov 2023'!AA35 -> 1
B30: ='Nov 2023'!AB35 -> 2
A31: Route Western Cape to Kzn | B31: ='Nov 2023'!AC35 -> 38
B32: ='Nov 2023'!AD35 -> 13
B33: ='Nov 2023'!AE35 -> 2.9230769
A34: Route Western Cape to GP | B34: ='Nov 2023'!AF35 -> 5
B35: ='Nov 2023'!AG35 -> 1
B36: ='Nov 2023'!AH35 -> 5
A37: Route Western Cape to Other | B37: ='Nov 2023'!AI35 -> 103
B38: ='Nov 2023'!AJ35 -> 28
B39: ='Nov 2023'!AK35 -> 3.6785714

Sheet Dec 2023
A1: PAYLOAD REPORT BY ROUTE AND MONTH OCT 2023
C2: Aversen | F2: Aversen | I2: Aversen | L2: Aversen | O2: Jerome | R2: Jerome | U2: Jerome | X2: Ansar | AA2: Ansar | AD2: Ansar | AG2: Ansar | AJ2: Ansar | AM2: Brent | AP2: Brent | AS2: Brent | AV2: Brent | AY2: Brent | BB2: Sune | BE2: Sune | BH2: Sune | BK2: Sune | BM2: Total vehicles
B3: Route Kzn - Western Cape | E3: Route Kzn - Northern Cape | H3: Route Kzn - Gauteng | K3: Route Kzn - Other | N3: Route Kzn - Kzn Dealer | Q3: Route DCT - VDC / Other S/Yard | T3: Route KZN - Maputo TTAF/Other | W3: Route Western Cape to PE | Z3: Route Western Cape to EL | AC3: Route Western Cape to Kzn | AF3: Route Western Cape to GP | AI3: Route Western Cape to Other | AL3: Route EC - Kzn | AO3: Route EC - Western Cape | AR3: Route EC - Gauteng | AU3: Route EC- Freestate | AX3: Route EC - Maputo | BA3: Route Gauteng - Kzn | BD3: Route Gauteng - Eastern Cape | BG3: Route Gauteng - Western Cape | BJ3: Route Gauteng - Other | BM3: TOTALS
A4: DAY DATE | B4: Total vehicles | C4: Total Carriers | D4: Payload | E4: Total vehicles | F4: Total Carriers | G4: Payload | H4: Total vehicles | I4: Total Carriers | J4: Payload | K4: Total vehicles | L4: Total Carriers | M4: Payload | N4: Total vehicles | O4: Total Carriers | P4: Payload | Q4: Total vehicles | R4: Total Carriers | S4: Payload | T4: Total vehicles | U4: Total Carriers | V4: Payload | W4: Total vehicles | X4: Total Carriers | Y4: Payload | Z4: Total vehicles | AA4: Total Carriers | AB4: Payload | AC4: Total vehicles | AD4: Total Carriers | AE4: Payload | AF4: Total vehicles | AG4: Total Carriers | AH4: Payload | AI4: Total vehicles | AJ4: Total Carriers | AK4: Payload | AL4: Total vehicles | AM4: Total Carriers | AN4: Payload | AO4: Total vehicles | AP4: Total Carriers | AQ4: Payload | AR4: Total vehicles | AS4: Total Carriers | AT4: Payload | AU4: Total vehicles | AV4: Total Carriers | AW4: Payload | AX4: Total vehicles | AY4: Total Carriers | AZ4: Payload | BA4: Total vehicles | BB4: Total Carriers | BC4: Payload | BD4: Total vehicles | BE4: Total Carriers | BF4: Payload | BG4: Total vehicles | BH4: Total Carriers | BI4: Payload | BJ4: Total vehicles | BK4: Total Carriers | BL4: Payload | BM4: Total vehicles | BN4: Total Carriers | BO4: Payload
A5: 45261 | B5: 59 | C5: 6 | D5: =IF(C5=0,"",B5/C5) -> 9.8333333 | E5: 0 | F5: 0 | G5: =IF(F5=0,"-",E5/F5) -> - | H5: 7 | I5: 1 | J5: =IF(I5=0,"",H5/I5) -> 7 | K5: 0 | L5: 0 | M5: =IF(L5=0,"-",K5/L5) -> - | N5: 77 | O5: 14 | P5: =IF(O5=0,"",N5/O5) -> 5.5 | Q5: 257 | R5: 44 | S5: =IF(R5=0,"-",Q5/R5) -> 5.8409091 | T5: 0 | U5: 0 | V5: =IF(U5=0,"-",T5/U5) -> - | W5: 0 | X5: 0 | Y5: =IF(X5=0,"-",W5/X5) -> - | Z5: 0 | AA5: 0 | AB5: =IF(AA5=0,"-",Z5/AA5) -> - | AC5: 0 | AD5: 0 | AE5: =IF(AD5=0,"-",AC5/AD5) -> - | AF5: 0 | AG5: 0 | AH5: =IF(AG5=0,"-",AF5/AG5) -> - | AI5: 0 | AJ5: 0 | AK5: =IF(AJ5=0,"-",AI5/AJ5) -> - | AL5: 28 | AM5: 4 | AN5: =IF(AM5=0,"",AL5/AM5) -> 7 | AO5: 0 | AP5: 0 | AQ5: =IF(AP5=0,"-",AO5/AP5) -> - | AR5: 30 | AS5: 4 | AT5: =IF(AS5=0,"",AR5/AS5) -> 7.5 | AU5: 0 | AV5: 0 | AW5: =IF(AV5=0,"-",AU5/AV5) -> - | AX5: 0 | AY5: 0 | AZ5: =IF(AY5=0,"-",AX5/AY5) -> - | BA5: 0 | BB5: 0 | BC5: =IF(BB5=0,"-",BA5/BB5) -> - | BD5: 0 | BE5: 0 | BF5: =IF(BE5=0,"-",BD5/BE5) -> - | BG5: 0 | BH5: 0 | BI5: =IF(BH5=0,"-",BG5/BH5) -> - | BJ5: 0 | BK5: 0 | BL5: =IF(BK5=0,"-",BJ5/BK5) -> - | BM5: =BJ5+BG5+BD5+BA5+AX5+AU5+AR5+AO5+AL5+K5+Q5+N5+H5+E5+AI5+AF5+AC5+Z5+W5+B5 -> 458 | BN5: =BK5+BH5+BE5+BB5+AY5+AV5+AS5+AP5+AM5+L5+R5+O5+I5+F5+AJ5+AG5+AD5+AA5+X5+C5 -> 73 | BO5: =IF(BN5=0,"",BM5/BN5) -> 6.2739726
A6: 45262 | B6: 85 | C6: 9 | D6: =IF(C6=0,"",B6/C6) -> 9.4444444 | E6: 8 | F6: 1 | G6: =IF(F6=0,"",E6/F6) -> 8 | H6: 0 | I6: 0 | J6: =IF(I6=0,"-",H6/I6) -> - | K6: 0 | L6: 0 | M6: =IF(L6=0,"-",K6/L6) -> - | N6: 24 | O6: 5 | P6: =IF(O6=0,"",N6/O6) -> 4.8 | Q6: 309 | R6: 47 | S6: =IF(R6=0,"-",Q6/R6) -> 6.5744681 | T6: 6 | U6: 1 | V6: =IF(U6=0,"-",T6/U6) -> 6 | W6: 0 | X6: 0 | Y6: =IF(X6=0,"-",W6/X6) -> - | Z6: 0 | AA6: 0 | AB6: =IF(AA6=0,"-",Z6/AA6) -> - | AC6: 0 | AD6: 0 | AE6: =IF(AD6=0,"-",AC6/AD6) -> - | AF6: 0 | AG6: 0 | AH6: =IF(AG6=0,"-",AF6/AG6) -> - | AI6: 0 | AJ6: 0 | AK6: =IF(AJ6=0,"-",AI6/AJ6) -> - | AL6: 21 | AM6: 3 | AN6: =IF(AM6=0,"",AL6/AM6) -> 7 | AO6: 0 | AP6: 0 | AQ6: =IF(AP6=0,"-",AO6/AP6) -> - | AR6: 43 | AS6: 6 | AT6: =IF(AS6=0,"",AR6/AS6) -> 7.1666667 | AU6: 0 | AV6: 0 | AW6: =IF(AV6=0,"-",AU6/AV6) -> - | AX6: 0 | AY6: 0 | AZ6: =IF(AY6=0,"-",AX6/AY6) -> - | BA6: 13 | BB6: 3 | BC6: =IF(BB6=0,"",BA6/BB6) -> 4.3333333 | BD6: 0 | BE6: 0 | BF6: =IF(BE6=0,"-",BD6/BE6) -> - | BG6: 0 | BH6: 0 | BI6: =IF(BH6=0,"-",BG6/BH6) -> - | BJ6: 0 | BK6: 0 | BL6: =IF(BK6=0,"-",BJ6/BK6) -> - | BM6: =BJ6+BG6+BD6+BA6+AX6+AU6+AR6+AO6+AL6+K6+Q6+N6+H6+E6+AI6+AF6+AC6+Z6+W6+B6 -> 503 | BN6: =BK6+BH6+BE6+BB6+AY6+AV6+AS6+AP6+AM6+L6+R6+O6+I6+F6+AJ6+AG6+AD6+AA6+X6+C6 -> 74 | BO6: =IF(BN6=0,"",BM6/BN6) -> 6.7972973
A7: 45263 | B7: 28 | C7: 3 | D7: =IF(C7=0,"",B7/C7) -> 9.3333333 | E7: 0 | F7: 0 | G7: =IF(F7=0,"-",E7/F7) -> - | H7: 0 | I7: 0 | J7: =IF(I7=0,"-",H7/I7) -> - | K7: 0 | L7: 0 | M7: =IF(L7=0,"-",K7/L7) -> - | N7: 30 | O7: 5 | P7: =IF(O7=0,"",N7/O7) -> 6 | Q7: 202 | R7: 40 | S7: =IF(R7=0,"",Q7/R7) -> 5.05 | T7: 0 | U7: 0 | V7: =IF(U7=0,"-",T7/U7) -> - | W7: 0 | X7: 0 | Y7: =IF(X7=0,"-",W7/X7) -> - | Z7: 0 | AA7: 0 | AB7: =IF(AA7=0,"-",Z7/AA7) -> - | AC7: 0 | AD7: 0 | AE7: =IF(AD7=0,"-",AC7/AD7) -> - | AF7: 0 | AG7: 0 | AH7: =IF(AG7=0,"-",AF7/AG7) -> - | AI7: 0 | AJ7: 0 | AK7: =IF(AJ7=0,"-",AI7/AJ7) -> - | AL7: 34 | AM7: 5 | AN7: =IF(AM7=0,"",AL7/AM7) -> 6.8 | AO7: 8 | AP7: 1 | AQ7: =IF(AP7=0,"",AO7/AP7) -> 8 | AR7: 14 | AS7: 2 | AT7: =IF(AS7=0,"",AR7/AS7) -> 7 | AU7: 0 | AV7: 0 | AW7: =IF(AV7=0,"-",AU7/AV7) -> - | AX7: 0 | AY7: 0 | AZ7: =IF(AY7=0,"-",AX7/AY7) -> - | BA7: 0 | BB7: 0 | BC7: =IF(BB7=0,"-",BA7/BB7) -> - | BD7: 0 | BE7: 0 | BF7: =IF(BE7=0,"-",BD7/BE7) -> - | BG7: 0 | BH7: 0 | BI7: =IF(BH7=0,"-",BG7/BH7) -> - | BJ7: 0 | BK7: 0 | BL7: =IF(BK7=0,"-",BJ7/BK7) -> - | BM7: =BJ7+BG7+BD7+BA7+AX7+AU7+AR7+AO7+AL7+K7+Q7+N7+H7+E7+AI7+AF7+AC7+Z7+W7+B7 -> 316 | BN7: =BK7+BH7+BE7+BB7+AY7+AV7+AS7+AP7+AM7+L7+R7+O7+I7+F7+AJ7+AG7+AD7+AA7+X7+C7 -> 56 | BO7: =IF(BN7=0,"",BM7/BN7) -> 5.6428571
A8: 45264 | B8: 61 | C8: 7 | D8: =IF(C8=0,"",B8/C8) -> 8.7142857 | E8: 13 | F8: 2 | G8: =IF(F8=0,"-",E8/F8) -> 6.5 | H8: 12 | I8: 2 | J8: =IF(I8=0,"",H8/I8) -> 6 | K8: 0 | L8: 0 | M8: =IF(L8=0,"-",K8/L8) -> - | N8: 77 | O8: 14 | P8: =IF(O8=0,"",N8/O8) -> 5.5 | Q8: 4 | R8: 1 | S8: =IF(R8=0,"-",Q8/R8) -> 4 | T8: 0 | U8: 0 | V8: =IF(U8=0,"-",T8/U8) -> - | W8: 8 | X8: 2 | Y8: =IF(X8=0,"",W8/X8) -> 4 | Z8: 0 | AA8: 0 | AB8: =IF(AA8=0,"-",Z8/AA8) -> - | AC8: 8 | AD8: 1 | AE8: =IF(AD8=0,"",AC8/AD8) -> 8 | AF8: 0 | AG8: 0 | AH8: =IF(AG8=0,"-",AF8/AG8) -> - | AI8: 0 | AJ8: 0 | AK8: =IF(AJ8=0,"-",AI8/AJ8) -> - | AL8: 36 | AM8: 5 | AN8: =IF(AM8=0,"",AL8/AM8) -> 7.2 | AO8: 0 | AP8: 0 | AQ8: =IF(AP8=0,"-",AO8/AP8) -> - | AR8: 0 | AS8: 0 | AT8: =IF(AS8=0,"-",AR8/AS8) -> - | AU8: 0 | AV8: 0 | AW8: =IF(AV8=0,"-",AU8/AV8) -> - | AX8: 0 | AY8: 0 | AZ8: =IF(AY8=0,"-",AX8/AY8) -> - | BA8: 28 | BB8: 4 | BC8: =IF(BB8=0,"",BA8/BB8) -> 7 | BD8: 0 | BE8: 0 | BF8: =IF(BE8=0,"-",BD8/BE8) -> - | BG8: 0 | BH8: 0 | BI8: =IF(BH8=0,"-",BG8/BH8) -> - | BJ8: 0 | BK8: 0 | BL8: =IF(BK8=0,"-",BJ8/BK8) -> - | BM8: =BJ8+BG8+BD8+BA8+AX8+AU8+AR8+AO8+AL8+K8+Q8+N8+H8+E8+AI8+AF8+AC8+Z8+W8+B8 -> 247 | BN8: =BK8+BH8+BE8+BB8+AY8+AV8+AS8+AP8+AM8+L8+R8+O8+I8+F8+AJ8+AG8+AD8+AA8+X8+C8 -> 38 | BO8: =IF(BN8=0,"",BM8/BN8) -> 6.5
A9: 45265 | B9: 25 | C9: 4 | D9: =IF(C9=0,"",B9/C9) -> 6.25 | E9: 0 | F9: 0 | G9: =IF(F9=0,"-",E9/F9) -> - | H9: 32 | I9: 4 | J9: =IF(I9=0,"",H9/I9) -> 8 | K9: 0 | L9: 0 | M9: =IF(L9=0,"-",K9/L9) -> - | N9: 44 | O9: 9 | P9: =IF(O9=0,"",N9/O9) -> 4.8888889 | Q9: 44 | R9: 10 | S9: =IF(R9=0,"-",Q9/R9) -> 4.4 | T9: 0 | U9: 0 | V9: =IF(U9=0,"-",T9/U9) -> - | W9: 4 | X9: 1 | Y9: =IF(X9=0,"",W9/X9) -> 4 | Z9: 0 | AA9: 0 | AB9: =IF(AA9=0,"-",Z9/AA9) -> - | AC9: 0 | AD9: 0 | AE9: =IF(AD9=0,"-",AC9/AD9) -> - | AF9: 0 | AG9: 0 | AH9: =IF(AG9=0,"-",AF9/AG9) -> - | AI9: 0 | AJ9: 0 | AK9: =IF(AJ9=0,"-",AI9/AJ9) -> - | AL9: 50 | AM9: 10 | AN9: =IF(AM9=0,"",AL9/AM9) -> 5 | AO9: 0 | AP9: 0 | AQ9: =IF(AP9=0,"-",AO9/AP9) -> - | AR9: 0 | AS9: 0 | AT9: =IF(AS9=0,"-",AR9/AS9) -> - | AU9: 0 | AV9: 0 | AW9: =IF(AV9=0,"-",AU9/AV9) -> - | AX9: 0 | AY9: 0 | AZ9: =IF(AY9=0,"-",AX9/AY9) -> - | BA9: 16 | BB9: 3 | BC9: =IF(BB9=0,"",BA9/BB9) -> 5.3333333 | BD9: 0 | BE9: 0 | BF9: =IF(BE9=0,"-",BD9/BE9) -> - | BG9: 0 | BH9: 0 | BI9: =IF(BH9=0,"-",BG9/BH9) -> - | BJ9: 0 | BK9: 0 | BL9: =IF(BK9=0,"-",BJ9/BK9) -> - | BM9: =BJ9+BG9+BD9+BA9+AX9+AU9+AR9+AO9+AL9+K9+Q9+N9+H9+E9+AI9+AF9+AC9+Z9+W9+B9 -> 215 | BN9: =BK9+BH9+BE9+BB9+AY9+AV9+AS9+AP9+AM9+L9+R9+O9+I9+F9+AJ9+AG9+AD9+AA9+X9+C9 -> 41 | BO9: =IF(BN9=0,"",BM9/BN9) -> 5.2439024
A10: 45266 | B10: 99 | C10: 10 | D10: =IF(C10=0,"",B10/C10) -> 9.9 | E10: 8 | F10: 1 | G10: =IF(F10=0,"",E10/F10) -> 8 | H10: 0 | I10: 0 | J10: =IF(I10=0,"-",H10/I10) -> - | K10: 8 | L10: 1 | M10: =IF(L10=0,"-",K10/L10) -> 8 | N10: 35 | O10: 7 | P10: =IF(O10=0,"",N10/O10) -> 5 | Q10: 76 | R10: 19 | S10: =IF(R10=0,"-",Q10/R10) -> 4 | T10: 0 | U10: 0 | V10: =IF(U10=0,"-",T10/U10) -> - | W10: 2 | X10: 1 | Y10: =IF(X10=0,"",W10/X10) -> 2 | Z10: 0 | AA10: 0 | AB10: =IF(AA10=0,"-",Z10/AA10) -> - | AC10: 2 | AD10: 1 | AE10: =IF(AD10=0,"",AC10/AD10) -> 2 | AF10: 0 | AG10: 0 | AH10: =IF(AG10=0,"-",AF10/AG10) -> - | AI10: 9 | AJ10: 2 | AK10: =IF(AJ10=0,"",AI10/AJ10) -> 4.5 | AL10: 14 | AM10: 2 | AN10: =IF(AM10=0,"",AL10/AM10) -> 7 | AO10: 0 | AP10: 0 | AQ10: =IF(AP10=0,"-",AO10/AP10) -> - | AR10: 0 | AS10: 0 | AT10: =IF(AS10=0,"-",AR10/AS10) -> - | AU10: 8 | AV10: 1 | AW10: =IF(AV10=0,"",AU10/AV10) -> 8 | AX10: 0 | AY10: 0 | AZ10: =IF(AY10=0,"-",AX10/AY10) -> - | BA10: 25 | BB10: 3 | BC10: =IF(BB10=0,"",BA10/BB10) -> 8.3333333 | BD10: 0 | BE10: 0 | BF10: =IF(BE10=0,"-",BD10/BE10) -> - | BG10: 11 | BH10: 1 | BI10: =IF(BH10=0,"",BG10/BH10) -> 11 | BJ10: 0 | BK10: 0 | BL10: =IF(BK10=0,"-",BJ10/BK10) -> - | BM10: =BJ10+BG10+BD10+BA10+AX10+AU10+AR10+AO10+AL10+K10+Q10+N10+H10+E10+AI10+AF10+AC10+Z10+W10+B10 -> 297 | BN10: =BK10+BH10+BE10+BB10+AY10+AV10+AS10+AP10+AM10+L10+R10+O10+I10+F10+AJ10+AG10+AD10+AA10+X10+C10 -> 49 | BO10: =IF(BN10=0,"",BM10/BN10) -> 6.0612245
A11: 45267 | B11: 59 | C11: 7 | D11: =IF(C11=0,"",B11/C11) -> 8.4285714 | E11: 15 | F11: 2 | G11: =IF(F11=0,"",E11/F11) -> 7.5 | H11: 6 | I11: 1 | J11: =IF(I11=0,"",H11/I11) -> 6 | K11: 0 | L11: 0 | M11: =IF(L11=0,"-",K11/L11) -> - | N11: 20 | O11: 4 | P11: =IF(O11=0,"",N11/O11) -> 5 | Q11: 23 | R11: 6 | S11: =IF(R11=0,"-",Q11/R11) -> 3.8333333 | T11: 0 | U11: 0 | V11: =IF(U11=0,"-",T11/U11) -> - | W11: 5 | X11: 1 | Y11: =IF(X11=0,"",W11/X11) -> 5 | Z11: 0 | AA11: 0 | AB11: =IF(AA11=0,"-",Z11/AA11) -> - | AC11: 0 | AD11: 0 | AE11: =IF(AD11=0,"-",AC11/AD11) -> - | AF11: 0 | AG11: 0 | AH11: =IF(AG11=0,"-",AF11/AG11) -> - | AI11: 0 | AJ11: 0 | AK11: =IF(AJ11=0,"-",AI11/AJ11) -> - | AL11: 27 | AM11: 4 | AN11: =IF(AM11=0,"",AL11/AM11) -> 6.75 | AO11: 0 | AP11: 0 | AQ11: =IF(AP11=0,"-",AO11/AP11) -> - | AR11: 0 | AS11: 0 | AT11: =IF(AS11=0,"-",AR11/AS11) -> - | AU11: 7 | AV11: 1 | AW11: =IF(AV11=0,"",AU11/AV11) -> 7 | AX11: 0 | AY11: 0 | AZ11: =IF(AY11=0,"-",AX11/AY11) -> - | BA11: 0 | BB11: 0 | BC11: =IF(BB11=0,"-",BA11/BB11) -> - | BD11: 0 | BE11: 0 | BF11: =IF(BE11=0,"-",BD11/BE11) -> - | BG11: 0 | BH11: 0 | BI11: =IF(BH11=0,"-",BG11/BH11) -> - | BJ11: 0 | BK11: 0 | BL11: =IF(BK11=0,"-",BJ11/BK11) -> - | BM11: =BJ11+BG11+BD11+BA11+AX11+AU11+AR11+AO11+AL11+K11+Q11+N11+H11+E11+AI11+AF11+AC11+Z11+W11+B11 -> 162 | BN11: =BK11+BH11+BE11+BB11+AY11+AV11+AS11+AP11+AM11+L11+R11+O11+I11+F11+AJ11+AG11+AD11+AA11+X11+C11 -> 26 | BO11: =IF(BN11=0,"",BM11/BN11) -> 6.2307692
A12: 45268 | B12: 63 | C12: 9 | D12: =IF(C12=0,"",B12/C12) -> 7 | E12: 0 | F12: 0 | G12: =IF(F12=0,"-",E12/F12) -> - | H12: 0 | I12: 0 | J12: =IF(I12=0,"-",H12/I12) -> - | K12: 0 | L12: 0 | M12: =IF(L12=0,"-",K12/L12) -> - | N12: 23 | O12: 4 | P12: =IF(O12=0,"",N12/O12) -> 5.75 | Q12: 161 | R12: 34 | S12: =IF(R12=0,"-",Q12/R12) -> 4.7352941 | T12: 0 | U12: 0 | V12: =IF(U12=0,"-",T12/U12) -> - | W12: 0 | X12: 0 | Y12: =IF(X12=0,"-",W12/X12) -> - | Z12: 0 | AA12: 0 | AB12: =IF(AA12=0,"-",Z12/AA12) -> - | AC12: 0 | AD12: 0 | AE12: =IF(AD12=0,"-",AC12/AD12) -> - | AF12: 0 | AG12: 0 | AH12: =IF(AG12=0,"-",AF12/AG12) -> - | AI12: 0 | AJ12: 0 | AK12: =IF(AJ12=0,"-",AI12/AJ12) -> - | AL12: 14 | AM12: 2 | AN12: =IF(AM12=0,"",AL12/AM12) -> 7 | AO12: 0 | AP12: 0 | AQ12: =IF(AP12=0,"-",AO12/AP12) -> - | AR12: 0 | AS12: 0 | AT12: =IF(AS12=0,"-",AR12/AS12) -> - | AU12: 0 | AV12: 0 | AW12: =IF(AV12=0,"-",AU12/AV12) -> - | AX12: 0 | AY12: 0 | AZ12: =IF(AY12=0,"-",AX12/AY12) -> - | BA12: 6 | BB12: 1 | BC12: =IF(BB12=0,"",BA12/BB12) -> 6 | BD12: 0 | BE12: 0 | BF12: =IF(BE12=0,"-",BD12/BE12) -> - | BG12: 0 | BH12: 0 | BI12: =IF(BH12=0,"-",BG12/BH12) -> - | BJ12: 0 | BK12: 0 | BL12: =IF(BK12=0,"-",BJ12/BK12) -> - | BM12: =BJ12+BG12+BD12+BA12+AX12+AU12+AR12+AO12+AL12+K12+Q12+N12+H12+E12+AI12+AF12+AC12+Z12+W12+B12 -> 267 | BN12: =BK12+BH12+BE12+BB12+AY12+AV12+AS12+AP12+AM12+L12+R12+O12+I12+F12+AJ12+AG12+AD12+AA12+X12+C12 -> 50 | BO12: =IF(BN12=0,"",BM12/BN12) -> 5.34
A13: 45269 | B13: 84 | C13: 10 | D13: =IF(C13=0,"",B13/C13) -> 8.4 | E13: 0 | F13: 0 | G13: =IF(F13=0,"-",E13/F13) -> - | H13: 0 | I13: 0 | J13: =IF(I13=0,"-",H13/I13) -> - | K13: 0 | L13: 0 | M13: =IF(L13=0,"-",K13/L13) -> - | N13: 94 | O13: 16 | P13: =IF(O13=0,"",N13/O13) -> 5.875 | Q13: 56 | R13: 10 | S13: =IF(R13=0,"-",Q13/R13) -> 5.6 | T13: 0 | U13: 0 | V13: =IF(U13=0,"-",T13/U13) -> - | W13: 0 | X13: 0 | Y13: =IF(X13=0,"-",W13/X13) -> - | Z13: 0 | AA13: 0 | AB13: =IF(AA13=0,"-",Z13/AA13) -> - | AC13: 0 | AD13: 0 | AE13: =IF(AD13=0,"-",AC13/AD13) -> - | AF13: 0 | AG13: 0 | AH13: =IF(AG13=0,"-",AF13/AG13) -> - | AI13: 0 | AJ13: 0 | AK13: =IF(AJ13=0,"-",AI13/AJ13) -> - | AL13: 5 | AM13: 1 | AN13: =IF(AM13=0,"",AL13/AM13) -> 5 | AO13: 0 | AP13: 0 | AQ13: =IF(AP13=0,"-",AO13/AP13) -> - | AR13: 0 | AS13: 0 | AT13: =IF(AS13=0,"-",AR13/AS13) -> - | AU13: 0 | AV13: 0 | AW13: =IF(AV13=0,"-",AU13/AV13) -> - | AX13: 0 | AY13: 0 | AZ13: =IF(AY13=0,"-",AX13/AY13) -> - | BA13: 0 | BB13: 0 | BC13: =IF(BB13=0,"-",BA13/BB13) -> - | BD13: 0 | BE13: 0 | BF13: =IF(BE13=0,"-",BD13/BE13) -> - | BG13: 0 | BH13: 0 | BI13: =IF(BH13=0,"-",BG13/BH13) -> - | BJ13: 0 | BK13: 0 | BL13: =IF(BK13=0,"-",BJ13/BK13) -> - | BM13: =BJ13+BG13+BD13+BA13+AX13+AU13+AR13+AO13+AL13+K13+Q13+N13+H13+E13+AI13+AF13+AC13+Z13+W13+B13 -> 239 | BN13: =BK13+BH13+BE13+BB13+AY13+AV13+AS13+AP13+AM13+L13+R13+O13+I13+F13+AJ13+AG13+AD13+AA13+X13+C13 -> 37 | BO13: =IF(BN13=0,"",BM13/BN13) -> 6.4594595
A14: 45270 | B14: 50 | C14: 6 | D14: =IF(C14=0,"",B14/C14) -> 8.3333333 | E14: 0 | F14: 0 | G14: =IF(F14=0,"-",E14/F14) -> - | H14: 6 | I14: 1 | J14: =IF(I14=0,"",H14/I14) -> 6 | K14: 0 | L14: 0 | M14: =IF(L14=0,"-",K14/L14) -> - | N14: 0 | O14: 0 | P14: =IF(O14=0,"-",N14/O14) -> - | Q14: 0 | R14: 0 | S14: =IF(R14=0,"-",Q14/R14) -> - | T14: 0 | U14: 0 | V14: =IF(U14=0,"-",T14/U14) -> - | W14: 0 | X14: 0 | Y14: =IF(X14=0,"-",W14/X14) -> - | Z14: 0 | AA14: 0 | AB14: =IF(AA14=0,"-",Z14/AA14) -> - | AC14: 1 | AD14: 1 | AE14: =IF(AD14=0,"",AC14/AD14) -> 1 | AF14: 0 | AG14: 0 | AH14: =IF(AG14=0,"-",AF14/AG14) -> - | AI14: 0 | AJ14: 0 | AK14: =IF(AJ14=0,"-",AI14/AJ14) -> - | AL14: 21 | AM14: 3 | AN14: =IF(AM14=0,"",AL14/AM14) -> 7 | AO14: 0 | AP14: 0 | AQ14: =IF(AP14=0,"-",AO14/AP14) -> - | AR14: 0 | AS14: 0 | AT14: =IF(AS14=0,"-",AR14/AS14) -> - | AU14: 0 | AV14: 0 | AW14: =IF(AV14=0,"-",AU14/AV14) -> - | AX14: 0 | AY14: 0 | AZ14: =IF(AY14=0,"-",AX14/AY14) -> - | BA14: 0 | BB14: 0 | BC14: =IF(BB14=0,"-",BA14/BB14) -> - | BD14: 0 | BE14: 0 | BF14: =IF(BE14=0,"-",BD14/BE14) -> - | BG14: 0 | BH14: 0 | BI14: =IF(BH14=0,"-",BG14/BH14) -> - | BJ14: 0 | BK14: 0 | BL14: =IF(BK14=0,"-",BJ14/BK14) -> - | BM14: =BJ14+BG14+BD14+BA14+AX14+AU14+AR14+AO14+AL14+K14+Q14+N14+H14+E14+AI14+AF14+AC14+Z14+W14+B14 -> 78 | BN14: =BK14+BH14+BE14+BB14+AY14+AV14+AS14+AP14+AM14+L14+R14+O14+I14+F14+AJ14+AG14+AD14+AA14+X14+C14 -> 11 | BO14: =IF(BN14=0,"",BM14/BN14) -> 7.0909091
A15: 45271 | B15: 63 | C15: 8 | D15: =IF(C15=0,"",B15/C15) -> 7.875 | E15: 8 | F15: 1 | G15: =IF(F15=0,"",E15/F15) -> 8 | H15: 0 | I15: 0 | J15: =IF(I15=0,"-",H15/I15) -> - | K15: 1 | L15: 1 | M15: =IF(L15=0,"",K15/L15) -> 1 | N15: 85 | O15: 16 | P15: =IF(O15=0,"",N15/O15) -> 5.3125 | Q15: 204 | R15: 31 | S15: =IF(R15=0,"-",Q15/R15) -> 6.5806452 | T15: 6 | U15: 1 | V15: =IF(U15=0,"",T15/U15) -> 6 | W15: 0 | X15: 0 | Y15: =IF(X15=0,"-",W15/X15) -> - | Z15: 0 | AA15: 0 | AB15: =IF(AA15=0,"-",Z15/AA15) -> - | AC15: 1 | AD15: 1 | AE15: 1 | AF15: 20 | AG15: 4 | AH15: =IF(AG15=0,"",AF15/AG15) -> 5 | AI15: 19 | AJ15: 1 | AK15: =IF(AJ15=0,"-",AI15/AJ15) -> 19 | AL15: 14 | AM15: 2 | AN15: =IF(AM15=0,"",AL15/AM15) -> 7 | AO15: 0 | AP15: 0 | AQ15: =IF(AP15=0,"-",AO15/AP15) -> - | AR15: 0 | AS15: 0 | AT15: =IF(AS15=0,"-",AR15/AS15) -> - | AU15: 8 | AV15: 1 | AW15: =IF(AV15=0,"",AU15/AV15) -> 8 | AX15: 0 | AY15: 0 | AZ15: =IF(AY15=0,"-",AX15/AY15) -> - | BA15: 6 | BB15: 1 | BC15: =IF(BB15=0,"",BA15/BB15) -> 6 | BD15: 0 | BE15: 0 | BF15: =IF(BE15=0,"-",BD15/BE15) -> - | BG15: 0 | BH15: 0 | BI15: =IF(BH15=0,"-",BG15/BH15) -> - | BJ15: 0 | BK15: 0 | BL15: =IF(BK15=0,"-",BJ15/BK15) -> - | BM15: =BJ15+BG15+BD15+BA15+AX15+AU15+AR15+AO15+AL15+K15+Q15+N15+H15+E15+AI15+AF15+AC15+Z15+W15+B15 -> 429 | BN15: =BK15+BH15+BE15+BB15+AY15+AV15+AS15+AP15+AM15+L15+R15+O15+I15+F15+AJ15+AG15+AD15+AA15+X15+C15 -> 67 | BO15: =IF(BN15=0,"",BM15/BN15) -> 6.4029851
A16: 45272 | B16: 52 | C16: 7 | D16: =IF(C16=0,"",B16/C16) -> 7.4285714 | E16: 6 | F16: 1 | G16: =IF(F16=0,"",E16/F16) -> 6 | H16: 18 | I16: 2 | J16: =IF(I16=0,"",H16/I16) -> 9 | K16: 0 | L16: 0 | M16: =IF(L16=0,"-",K16/L16) -> - | N16: 44 | O16: 8 | P16: =IF(O16=0,"",N16/O16) -> 5.5 | Q16: 448 | R16: 65 | S16: =IF(R16=0,"-",Q16/R16) -> 6.8923077 | T16: 0 | U16: 0 | V16: =IF(U16=0,"-",T16/U16) -> - | W16: 9 | X16: 1 | Y16: =IF(X16=0,"-",W16/X16) -> 9 | Z16: 0 | AA16: 0 | AB16: =IF(AA16=0,"-",Z16/AA16) -> - | AC16: 0 | AD16: 0 | AE16: =IF(AD16=0,"-",AC16/AD16) -> - | AF16: 0 | AG16: 0 | AH16: - | AI16: 0 | AJ16: 0 | AK16: =IF(AJ16=0,"-",AI16/AJ16) -> - | AL16: 7 | AM16: 1 | AN16: =IF(AM16=0,"",AL16/AM16) -> 7 | AO16: 0 | AP16: 0 | AQ16: =IF(AP16=0,"-",AO16/AP16) -> - | AR16: 0 | AS16: 0 | AT16: =IF(AS16=0,"-",AR16/AS16) -> - | AU16: 0 | AV16: 0 | AW16: =IF(AV16=0,"-",AU16/AV16) -> - | AX16: 0 | AY16: 0 | AZ16: =IF(AY16=0,"-",AX16/AY16) -> - | BA16: 9 | BB16: 1 | BC16: =IF(BB16=0,"-",BA16/BB16) -> 9 | BD16: 0 | BE16: 0 | BF16: =IF(BE16=0,"-",BD16/BE16) -> - | BG16: 0 | BH16: 0 | BI16: =IF(BH16=0,"-",BG16/BH16) -> - | BJ16: 0 | BK16: 0 | BL16: =IF(BK16=0,"-",BJ16/BK16) -> - | BM16: =BJ16+BG16+BD16+BA16+AX16+AU16+AR16+AO16+AL16+K16+Q16+N16+H16+E16+AI16+AF16+AC16+Z16+W16+B16 -> 593 | BN16: =BK16+BH16+BE16+BB16+AY16+AV16+AS16+AP16+AM16+L16+R16+O16+I16+F16+AJ16+AG16+AD16+AA16+X16+C16 -> 86 | BO16: =IF(BN16=0,"",BM16/BN16) -> 6.8953488
A17: 45273 | B17: 50 | C17: 6 | D17: =IF(C17=0,"",B17/C17) -> 8.3333333 | E17: 0 | F17: 0 | G17: =IF(F17=0,"-",E17/F17) -> - | H17: 9 | I17: 1 | J17: =IF(I17=0,"",H17/I17) -> 9 | K17: 0 | L17: 0 | M17: =IF(L17=0,"-",K17/L17) -> - | N17: 36 | O17: 7 | P17: =IF(O17=0,"",N17/O17) -> 5.1428571 | Q17: 350 | R17: 54 | S17: =IF(R17=0,"-",Q17/R17) -> 6.4814815 | T17: 0 | U17: 0 | V17: =IF(U17=0,"-",T17/U17) -> - | W17: 0 | X17: 0 | Y17: - | Z17: 0 | AA17: 0 | AB17: =IF(AA17=0,"-",Z17/AA17) -> - | AC17: 1 | AD17: 1 | AE17: =IF(AD17=0,"",AC17/AD17) -> 1 | AF17: 0 | AG17: 0 | AH17: - | AI17: 8 | AJ17: 1 | AK17: =IF(AJ17=0,"",AI17/AJ17) -> 8 | AL17: 22 | AM17: 3 | AN17: =IF(AM17=0,"",AL17/AM17) -> 7.3333333 | AO17: 0 | AP17: 0 | AQ17: =IF(AP17=0,"-",AO17/AP17) -> - | AR17: 0 | AS17: 0 | AT17: =IF(AS17=0,"-",AR17/AS17) -> - | AU17: 7 | AV17: 1 | AW17: =IF(AV17=0,"",AU17/AV17) -> 7 | AX17: 0 | AY17: 0 | AZ17: =IF(AY17=0,"-",AX17/AY17) -> - | BA17: 25 | BB17: 3 | BC17: =IF(BB17=0,"",BA17/BB17) -> 8.3333333 | BD17: 0 | BE17: 0 | BF17: =IF(BE17=0,"-",BD17/BE17) -> - | BG17: 10 | BH17: 1 | BI17: =IF(BH17=0,"",BG17/BH17) -> 10 | BJ17: 0 | BK17: 0 | BL17: =IF(BK17=0,"-",BJ17/BK17) -> - | BM17: =BJ17+BG17+BD17+BA17+AX17+AU17+AR17+AO17+AL17+K17+Q17+N17+H17+E17+AI17+AF17+AC17+Z17+W17+B17 -> 518 | BN17: =BK17+BH17+BE17+BB17+AY17+AV17+AS17+AP17+AM17+L17+R17+O17+I17+F17+AJ17+AG17+AD17+AA17+X17+C17 -> 78 | BO17: =IF(BN17=0,"",BM17/BN17) -> 6.6410256
A18: 45274 | B18: 74 | C18: 9 | D18: =IF(C18=0,"",B18/C18) -> 8.2222222 | E18: 0 | F18: 0 | G18: =IF(F18=0,"-",E18/F18) -> - | H18: 0 | I18: 0 | J18: =IF(I18=0,"-",H18/I18) -> - | K18: 0 | L18: 0 | M18: =IF(L18=0,"-",K18/L18) -> - | N18: 22 | O18: 4 | P18: =IF(O18=0,"",N18/O18) -> 5.5 | Q18: 4 | R18: 1 | S18: =IF(R18=0,"-",Q18/R18) -> 4 | T18: 0 | U18: 0 | V18: =IF(U18=0,"-",T18/U18) -> - | W18: 9 | X18: 1 | Y18: =IF(X18=0,"",W18/X18) -> 9 | Z18: 0 | AA18: 0 | AB18: =IF(AA18=0,"-",Z18/AA18) -> - | AC18: 6 | AD18: 1 | AE18: =IF(AD18=0,"",AC18/AD18) -> 6 | AF18: 0 | AG18: 0 | AH18: - | AI18: 0 | AJ18: 0 | AK18: - | AL18: 36 | AM18: 5 | AN18: =IF(AM18=0,"",AL18/AM18) -> 7.2 | AO18: 0 | AP18: 0 | AQ18: =IF(AP18=0,"-",AO18/AP18) -> - | AR18: 0 | AS18: 0 | AT18: =IF(AS18=0,"-",AR18/AS18) -> - | AU18: 0 | AV18: 0 | AW18: =IF(AV18=0,"-",AU18/AV18) -> - | AX18: 0 | AY18: 0 | AZ18: =IF(AY18=0,"-",AX18/AY18) -> - | BA18: 9 | BB18: 1 | BC18: =IF(BB18=0,"",BA18/BB18) -> 9 | BD18: 0 | BE18: 0 | BF18: =IF(BE18=0,"-",BD18/BE18) -> - | BG18: 0 | BH18: 0 | BI18: =IF(BH18=0,"-",BG18/BH18) -> - | BJ18: 0 | BK18: 0 | BL18: =IF(BK18=0,"-",BJ18/BK18) -> - | BM18: =BJ18+BG18+BD18+BA18+AX18+AU18+AR18+AO18+AL18+K18+Q18+N18+H18+E18+AI18+AF18+AC18+Z18+W18+B18 -> 160 | BN18: =BK18+BH18+BE18+BB18+AY18+AV18+AS18+AP18+AM18+L18+R18+O18+I18+F18+AJ18+AG18+AD18+AA18+X18+C18 -> 22 | BO18: =IF(BN18=0,"",BM18/BN18) -> 7.2727273
A19: 45275 | B19: 8 | C19: 1 | D19: =IF(C19=0,"",B19/C19) -> 8 | E19: 0 | F19: 0 | G19: =IF(F19=0,"-",E19/F19) -> - | H19: 0 | I19: 0 | J19: =IF(I19=0,"-",H19/I19) -> - | K19: 0 | L19: 0 | M19: =IF(L19=0,"-",K19/L19) -> - | N19: 0 | O19: 0 | P19: =IF(O19=0,"-",N19/O19) -> - | Q19: 0 | R19: 0 | S19: =IF(R19=0,"-",Q19/R19) -> - | T19: 0 | U19: 0 | V19: =IF(U19=0,"-",T19/U19) -> - | W19: 0 | X19: 0 | Y19: - | Z19: 0 | AA19: 0 | AB19: =IF(AA19=0,"-",Z19/AA19) -> - | AC19: 0 | AD19: 0 | AE19: - | AF19: 0 | AG19: 0 | AH19: - | AI19: 0 | AJ19: 0 | AK19: - | AL19: 22 | AM19: 3 | AN19: =IF(AM19=0,"",AL19/AM19) -> 7.3333333 | AO19: 0 | AP19: 0 | AQ19: =IF(AP19=0,"-",AO19/AP19) -> - | AR19: 0 | AS19: 0 | AT19: =IF(AS19=0,"-",AR19/AS19) -> - | AU19: 0 | AV19: 0 | AW19: =IF(AV19=0,"-",AU19/AV19) -> - | AX19: 0 | AY19: 0 | AZ19: =IF(AY19=0,"-",AX19/AY19) -> - | BA19: 0 | BB19: 0 | BC19: =IF(BB19=0,"-",BA19/BB19) -> - | BD19: 0 | BE19: 0 | BF19: =IF(BE19=0,"-",BD19/BE19) -> - | BG19: 0 | BH19: 0 | BI19: =IF(BH19=0,"-",BG19/BH19) -> - | BJ19: 0 | BK19: 0 | BL19: =IF(BK19=0,"-",BJ19/BK19) -> - | BM19: =BJ19+BG19+BD19+BA19+AX19+AU19+AR19+AO19+AL19+K19+Q19+N19+H19+E19+AI19+AF19+AC19+Z19+W19+B19 -> 30 | BN19: =BK19+BH19+BE19+BB19+AY19+AV19+AS19+AP19+AM19+L19+R19+O19+I19+F19+AJ19+AG19+AD19+AA19+X19+C19 -> 4 | BO19: =IF(BN19=0,"",BM19/BN19) -> 7.5
A20: 45276 | B20: 44 | C20: 5 | D20: =IF(C20=0,"",B20/C20) -> 8.8 | E20: 0 | F20: 0 | G20: =IF(F20=0,"-",E20/F20) -> - | H20: 0 | I20: 0 | J20: =IF(I20=0,"-",H20/I20) -> - | K20: 0 | L20: 0 | M20: =IF(L20=0,"-",K20/L20) -> - | N20: 0 | O20: 0 | P20: =IF(O20=0,"-",N20/O20) -> - | Q20: 0 | R20: 0 | S20: =IF(R20=0,"-",Q20/R20) -> - | T20: 18 | U20: 3 | V20: =IF(U20=0,"",T20/U20) -> 6 | W20: 0 | X20: 0 | Y20: - | Z20: 0 | AA20: 0 | AB20: =IF(AA20=0,"-",Z20/AA20) -> - | AC20: 0 | AD20: 0 | AE20: - | AF20: 0 | AG20: 0 | AH20: - | AI20: 0 | AJ20: 0 | AK20: - | AL20: 29 | AM20: 4 | AN20: =IF(AM20=0,"",AL20/AM20) -> 7.25 | AO20: 0 | AP20: 0 | AQ20: =IF(AP20=0,"-",AO20/AP20) -> - | AR20: 0 | AS20: 0 | AT20: =IF(AS20=0,"-",AR20/AS20) -> - | AU20: 7 | AV20: 1 | AW20: =IF(AV20=0,"",AU20/AV20) -> 7 | AX20: 0 | AY20: 0 | AZ20: =IF(AY20=0,"-",AX20/AY20) -> - | BA20: 0 | BB20: 0 | BC20: =IF(BB20=0,"-",BA20/BB20) -> - | BD20: 0 | BE20: 0 | BF20: =IF(BE20=0,"-",BD20/BE20) -> - | BG20: 0 | BH20: 0 | BI20: =IF(BH20=0,"-",BG20/BH20) -> - | BJ20: 0 | BK20: 0 | BL20: =IF(BK20=0,"-",BJ20/BK20) -> - | BM20: =BJ20+BG20+BD20+BA20+AX20+AU20+AR20+AO20+AL20+K20+Q20+N20+H20+E20+AI20+AF20+AC20+Z20+W20+B20 -> 80 | BN20: =BK20+BH20+BE20+BB20+AY20+AV20+AS20+AP20+AM20+L20+R20+O20+I20+F20+AJ20+AG20+AD20+AA20+X20+C20 -> 10 | BO20: =IF(BN20=0,"",BM20/BN20) -> 8
A21: 45277 | B21: 0 | C21: 0 | D21: =IF(C21=0,"-",B21/C21) -> - | E21: 0 | F21: 0 | G21: =IF(F21=0,"-",E21/F21) -> - | H21: 0 | I21: 0 | J21: =IF(I21=0,"-",H21/I21) -> - | K21: 0 | L21: 0 | M21: =IF(L21=0,"-",K21/L21) -> - | N21: 0 | O21: 0 | P21: =IF(O21=0,"-",N21/O21) -> - | Q21: 0 | R21: 0 | S21: =IF(R21=0,"-",Q21/R21) -> - | T21: 0 | U21: 0 | V21: =IF(U21=0,"-",T21/U21) -> - | W21: 0 | X21: 0 | Y21: - | Z21: 0 | AA21: 0 | AB21: =IF(AA21=0,"-",Z21/AA21) -> - | AC21: 0 | AD21: 0 | AE21: - | AF21: 0 | AG21: 0 | AH21: - | AI21: 0 | AJ21: 0 | AK21: - | AL21: 57 | AM21: 8 | AN21: =IF(AM21=0,"",AL21/AM21) -> 7.125 | AO21: 0 | AP21: 0 | AQ21: =IF(AP21=0,"-",AO21/AP21) -> - | AR21: 0 | AS21: 0 | AT21: =IF(AS21=0,"-",AR21/AS21) -> - | AU21: 0 | AV21: 0 | AW21: =IF(AV21=0,"-",AU21/AV21) -> - | AX21: 0 | AY21: 0 | AZ21: =IF(AY21=0,"-",AX21/AY21) -> - | BA21: 0 | BB21: 0 | BC21: =IF(BB21=0,"-",BA21/BB21) -> - | BD21: 0 | BE21: 0 | BF21: =IF(BE21=0,"-",BD21/BE21) -> - | BG21: 0 | BH21: 0 | BI21: =IF(BH21=0,"-",BG21/BH21) -> - | BJ21: 0 | BK21: 0 | BL21: =IF(BK21=0,"-",BJ21/BK21) -> - | BM21: =BJ21+BG21+BD21+BA21+AX21+AU21+AR21+AO21+AL21+K21+Q21+N21+H21+E21+AI21+AF21+AC21+Z21+W21+B21 -> 57 | BN21: =BK21+BH21+BE21+BB21+AY21+AV21+AS21+AP21+AM21+L21+R21+O21+I21+F21+AJ21+AG21+AD21+AA21+X21+C21 -> 8 | BO21: =IF(BN21=0,"",BM21/BN21) -> 7.125
A22: 45278 | B22: 25 | C22: 3 | D22: =IF(C22=0,"",B22/C22) -> 8.3333333 | E22: 8 | F22: 1 | G22: =IF(F22=0,"",E22/F22) -> 8 | H22: 32 | I22: 4 | J22: =IF(I22=0,"-",H22/I22) -> 8 | K22: 0 | L22: 0 | M22: =IF(L22=0,"-",K22/L22) -> - | N22: 73 | O22: 13 | P22: =IF(O22=0,"",N22/O22) -> 5.6153846 | Q22: 0 | R22: 0 | S22: =IF(R22=0,"-",Q22/R22) -> - | T22: 0 | U22: 0 | V22: =IF(U22=0,"-",T22/U22) -> - | W22: 5 | X22: 1 | Y22: =IF(X22=0,"",W22/X22) -> 5 | Z22: 0 | AA22: 0 | AB22: =IF(AA22=0,"-",Z22/AA22) -> - | AC22: 2 | AD22: 2 | AE22: =IF(AD22=0,"",AC22/AD22) -> 1 | AF22: 0 | AG22: 0 | AH22: - | AI22: 13 | AJ22: 2 | AK22: =IF(AJ22=0,"",AI22/AJ22) -> 6.5 | AL22: 0 | AM22: 0 | AN22: =IF(AM22=0,"-",AL22/AM22) -> - | AO22: 0 | AP22: 0 | AQ22: =IF(AP22=0,"-",AO22/AP22) -> - | AR22: 0 | AS22: 0 | AT22: =IF(AS22=0,"-",AR22/AS22) -> - | AU22: 0 | AV22: 0 | AW22: =IF(AV22=0,"-",AU22/AV22) -> - | AX22: 0 | AY22: 0 | AZ22: =IF(AY22=0,"-",AX22/AY22) -> - | BA22: 0 | BB22: 0 | BC22: =IF(BB22=0,"-",BA22/BB22) -> - | BD22: 0 | BE22: 0 | BF22: =IF(BE22=0,"-",BD22/BE22) -> - | BG22: 0 | BH22: 0 | BI22: =IF(BH22=0,"-",BG22/BH22) -> - | BJ22: 0 | BK22: 0 | BL22: =IF(BK22=0,"-",BJ22/BK22) -> - | BM22: =BJ22+BG22+BD22+BA22+AX22+AU22+AR22+AO22+AL22+K22+Q22+N22+H22+E22+AI22+AF22+AC22+Z22+W22+B22 -> 158 | BN22: =BK22+BH22+BE22+BB22+AY22+AV22+AS22+AP22+AM22+L22+R22+O22+I22+F22+AJ22+AG22+AD22+AA22+X22+C22 -> 26 | BO22: =IF(BN22=0,"",BM22/BN22) -> 6.0769231
A23: 45279 | B23: 25 | C23: 3 | D23: =IF(C23=0,"",B23/C23) -> 8.3333333 | E23: 12 | F23: 2 | G23: =IF(F23=0,"",E23/F23) -> 6 | H23: 0 | I23: 0 | J23: =IF(I23=0,"-",H23/I23) -> - | K23: 0 | L23: 0 | M23: =IF(L23=0,"-",K23/L23) -> - | N23: 12 | O23: 3 | P23: =IF(O23=0,"",N23/O23) -> 4 | Q23: 0 | R23: 0 | S23: =IF(R23=0,"-",Q23/R23) -> - | T23: 0 | U23: 0 | V23: =IF(U23=0,"-",T23/U23) -> - | W23: 0 | X23: 0 | Y23: =IF(X23=0,"-",W23/X23) -> - | Z23: 0 | AA23: 0 | AB23: =IF(AA23=0,"-",Z23/AA23) -> - | AC23: 0 | AD23: 0 | AE23: =IF(AD23=0,"-",AC23/AD23) -> - | AF23: 0 | AG23: 0 | AH23: =IF(AG23=0,"-",AF23/AG23) -> - | AI23: 0 | AJ23: 0 | AK23: =IF(AJ23=0,"-",AI23/AJ23) -> - | AL23: 0 | AM23: 0 | AN23: =IF(AM23=0,"-",AL23/AM23) -> - | AO23: 0 | AP23: 0 | AQ23: =IF(AP23=0,"-",AO23/AP23) -> - | AR23: 0 | AS23: 0 | AT23: =IF(AS23=0,"-",AR23/AS23) -> - | AU23: 0 | AV23: 0 | AW23: =IF(AV23=0,"-",AU23/AV23) -> - | AX23: 0 | AY23: 0 | AZ23: =IF(AY23=0,"-",AX23/AY23) -> - | BA23: 23 | BB23: 3 | BC23: =IF(BB23=0,"",BA23/BB23) -> 7.6666667 | BD23: 0 | BE23: 0 | BF23: =IF(BE23=0,"-",BD23/BE23) -> - | BG23: 0 | BH23: 0 | BI23: =IF(BH23=0,"-",BG23/BH23) -> - | BJ23: 0 | BK23: 0 | BL23: =IF(BK23=0,"-",BJ23/BK23) -> - | BM23: =BJ23+BG23+BD23+BA23+AX23+AU23+AR23+AO23+AL23+K23+Q23+N23+H23+E23+AI23+AF23+AC23+Z23+W23+B23 -> 72 | BN23: =BK23+BH23+BE23+BB23+AY23+AV23+AS23+AP23+AM23+L23+R23+O23+I23+F23+AJ23+AG23+AD23+AA23+X23+C23 -> 11 | BO23: =IF(BN23=0,"",BM23/BN23) -> 6.5454545
A24: 45280 | B24: 0 | C24: 0 | D24: - | E24: 0 | F24: 0 | G24: - | H24: 12 | I24: 2 | J24: =IF(I24=0,"",H24/I24) -> 6 | K24: 0 | L24: 0 | M24: =IF(L24=0,"-",K24/L24) -> - | N24: 12 | O24: 3 | P24: =IF(O24=0,"",N24/O24) -> 4 | Q24: 145 | R24: 28 | S24: =IF(R24=0,"-",Q24/R24) -> 5.1785714 | T24: 0 | U24: 0 | V24: =IF(U24=0,"-",T24/U24) -> - | W24: 0 | X24: 0 | Y24: =IF(X24=0,"-",W24/X24) -> - | Z24: 0 | AA24: 0 | AB24: =IF(AA24=0,"-",Z24/AA24) -> - | AC24: 0 | AD24: 0 | AE24: =IF(AD24=0,"-",AC24/AD24) -> - | AF24: 0 | AG24: 0 | AH24: =IF(AG24=0,"-",AF24/AG24) -> - | AI24: 4 | AJ24: 1 | AK24: =IF(AJ24=0,"",AI24/AJ24) -> 4 | AL24: 0 | AM24: 0 | AN24: =IF(AM24=0,"-",AL24/AM24) -> - | AO24: 0 | AP24: 0 | AQ24: =IF(AP24=0,"-",AO24/AP24) -> - | AR24: 0 | AS24: 0 | AT24: =IF(AS24=0,"-",AR24/AS24) -> - | AU24: 0 | AV24: 0 | AW24: =IF(AV24=0,"-",AU24/AV24) -> - | AX24: 0 | AY24: 0 | AZ24: =IF(AY24=0,"-",AX24/AY24) -> - | BA24: 0 | BB24: 0 | BC24: - | BD24: 0 | BE24: 0 | BF24: =IF(BE24=0,"-",BD24/BE24) -> - | BG24: 0 | BH24: 0 | BI24: =IF(BH24=0,"-",BG24/BH24) -> - | BJ24: 0 | BK24: 0 | BL24: =IF(BK24=0,"-",BJ24/BK24) -> - | BM24: =BJ24+BG24+BD24+BA24+AX24+AU24+AR24+AO24+AL24+K24+Q24+N24+H24+E24+AI24+AF24+AC24+Z24+W24+B24 -> 173 | BN24: =BK24+BH24+BE24+BB24+AY24+AV24+AS24+AP24+AM24+L24+R24+O24+I24+F24+AJ24+AG24+AD24+AA24+X24+C24 -> 34 | BO24: =IF(BN24=0,"",BM24/BN24) -> 5.0882353
A25: 45281 | B25: 17 | C25: 2 | D25: =IF(C25=0,"",B25/C25) -> 8.5 | E25: 6 | F25: 1 | G25: =IF(F25=0,"",E25/F25) -> 6 | H25: 0 | I25: 0 | J25: - | K25: 0 | L25: 0 | M25: =IF(L25=0,"-",K25/L25) -> - | N25: 16 | O25: 3 | P25: =IF(O25=0,"",N25/O25) -> 5.3333333 | Q25: 146 | R25: 31 | S25: =IF(R25=0,"-",Q25/R25) -> 4.7096774 | T25: 0 | U25: 0 | V25: =IF(U25=0,"-",T25/U25) -> - | W25: 0 | X25: 0 | Y25: =IF(X25=0,"-",W25/X25) -> - | Z25: 0 | AA25: 0 | AB25: =IF(AA25=0,"-",Z25/AA25) -> - | AC25: 0 | AD25: 0 | AE25: =IF(AD25=0,"-",AC25/AD25) -> - | AF25: 0 | AG25: 0 | AH25: =IF(AG25=0,"-",AF25/AG25) -> - | AI25: 0 | AJ25: 0 | AK25: - | AL25: 0 | AM25: 0 | AN25: =IF(AM25=0,"-",AL25/AM25) -> - | AO25: 0 | AP25: 0 | AQ25: =IF(AP25=0,"-",AO25/AP25) -> - | AR25: 0 | AS25: 0 | AT25: =IF(AS25=0,"-",AR25/AS25) -> - | AU25: 0 | AV25: 0 | AW25: =IF(AV25=0,"-",AU25/AV25) -> - | AX25: 0 | AY25: 0 | AZ25: =IF(AY25=0,"-",AX25/AY25) -> - | BA25: 18 | BB25: 3 | BC25: =IF(BB25=0,"",BA25/BB25) -> 6 | BD25: 0 | BE25: 0 | BF25: =IF(BE25=0,"-",BD25/BE25) -> - | BG25: 0 | BH25: 0 | BI25: =IF(BH25=0,"-",BG25/BH25) -> - | BJ25: 0 | BK25: 0 | BL25: =IF(BK25=0,"-",BJ25/BK25) -> - | BM25: =BJ25+BG25+BD25+BA25+AX25+AU25+AR25+AO25+AL25+K25+Q25+N25+H25+E25+AI25+AF25+AC25+Z25+W25+B25 -> 203 | BN25: =BK25+BH25+BE25+BB25+AY25+AV25+AS25+AP25+AM25+L25+R25+O25+I25+F25+AJ26+AG25+AD25+AA25+X25+C25 -> 40 | BO25: =IF(BN25=0,"",BM25/BN25) -> 5.075
A26: 45282 | B26: 0 | C26: 0 | D26: - | E26: 0 | F26: 0 | G26: - | H26: 0 | I26: 0 | J26: - | K26: 0 | L26: 0 | M26: =IF(L26=0,"-",K26/L26) -> - | N26: 0 | O26: 0 | P26: - | Q26: 0 | R26: 0 | S26: =IF(R26=0,"-",Q26/R26) -> - | T26: 0 | U26: 0 | V26: =IF(U26=0,"-",T26/U26) -> - | W26: 0 | X26: 0 | Y26: =IF(X26=0,"-",W26/X26) -> - | Z26: 0 | AA26: 0 | AB26: =IF(AA26=0,"-",Z26/AA26) -> - | AC26: 0 | AD26: 0 | AE26: =IF(AD26=0,"-",AC26/AD26) -> - | AF26: 0 | AG26: 0 | AH26: =IF(AG26=0,"-",AF26/AG26) -> - | AI26: 0 | AJ26: 0 | AK26: - | AL26: 0 | AM26: 0 | AN26: =IF(AM26=0,"-",AL26/AM26) -> - | AO26: 0 | AP26: 0 | AQ26: =IF(AP26=0,"-",AO26/AP26) -> - | AR26: 0 | AS26: 0 | AT26: =IF(AS26=0,"-",AR26/AS26) -> - | AU26: 0 | AV26: 0 | AW26: =IF(AV26=0,"-",AU26/AV26) -> - | AX26: 0 | AY26: 0 | AZ26: =IF(AY26=0,"-",AX26/AY26) -> - | BA26: 0 | BB26: 0 | BC26: - | BD26: 0 | BE26: 0 | BF26: =IF(BE26=0,"-",BD26/BE26) -> - | BG26: 0 | BH26: 0 | BI26: =IF(BH26=0,"-",BG26/BH26) -> - | BJ26: 0 | BK26: 0 | BL26: =IF(BK26=0,"-",BJ26/BK26) -> - | BM26: =BJ26+BG26+BD26+BA26+AX26+AU26+AR26+AO26+AL26+K26+Q26+N26+H26+E26+AI26+AF26+AC26+Z26+W26+B26 -> 0 | BN26: =BK26+BH26+BE26+BB26+AY26+AV26+AS26+AP26+AM26+L26+R26+O26+I26+F26+AJ27+AG26+AD26+AA26+X26+C26 -> 0 | BO26: =IF(BN26=0,"",BM26/BN26)
A27: 45283 | B27: 0 | C27: 0 | D27: - | E27: 0 | F27: 0 | G27: - | H27: 0 | I27: 0 | J27: - | K27: 0 | L27: 0 | M27: =IF(L27=0,"-",K27/L27) -> - | N27: 0 | O27: 0 | P27: - | Q27: 0 | R27: 0 | S27: =IF(R27=0,"-",Q27/R27) -> - | T27: 0 | U27: 0 | V27: =IF(U27=0,"-",T27/U27) -> - | W27: 0 | X27: 0 | Y27: =IF(X27=0,"-",W27/X27) -> - | Z27: 0 | AA27: 0 | AB27: =IF(AA27=0,"-",Z27/AA27) -> - | AC27: 0 | AD27: 0 | AE27: =IF(AD27=0,"-",AC27/AD27) -> - | AF27: 0 | AG27: 0 | AH27: =IF(AG27=0,"-",AF27/AG27) -> - | AI27: 0 | AJ27: 0 | AK27: - | AL27: 0 | AM27: 0 | AN27: =IF(AM27=0,"-",AL27/AM27) -> - | AO27: 0 | AP27: 0 | AQ27: =IF(AP27=0,"-",AO27/AP27) -> - | AR27: 0 | AS27: 0 | AT27: =IF(AS27=0,"-",AR27/AS27) -> - | AU27: 0 | AV27: 0 | AW27: =IF(AV27=0,"-",AU27/AV27) -> - | AX27: 0 | AY27: 0 | AZ27: =IF(AY27=0,"-",AX27/AY27) -> - | BA27: 0 | BB27: 0 | BC27: - | BD27: 0 | BE27: 0 | BF27: =IF(BE27=0,"-",BD27/BE27) -> - | BG27: 0 | BH27: 0 | BI27: =IF(BH27=0,"-",BG27/BH27) -> - | BJ27: 0 | BK27: 0 | BL27: =IF(BK27=0,"-",BJ27/BK27) -> - | BM27: =BJ27+BG27+BD27+BA27+AX27+AU27+AR27+AO27+AL27+K27+Q27+N27+H27+E27+AI27+AF27+AC27+Z27+W27+B27 -> 0 | BN27: =BK27+BH27+BE27+BB27+AY27+AV27+AS27+AP27+AM27+L27+R27+O27+I27+F27+AJ28+AG27+AD27+AA27+X27+C27 -> 0 | BO27: =IF(BN27=0,"",BM27/BN27)
A28: 45284 | B28: 0 | C28: 0 | D28: - | E28: 0 | F28: 0 | G28: - | H28: 0 | I28: 0 | J28: - | K28: 0 | L28: 0 | M28: =IF(L28=0,"-",K28/L28) -> - | N28: 0 | O28: 0 | P28: - | Q28: 0 | R28: 0 | S28: =IF(R28=0,"-",Q28/R28) -> - | T28: 0 | U28: 0 | V28: =IF(U28=0,"-",T28/U28) -> - | W28: 0 | X28: 0 | Y28: =IF(X28=0,"-",W28/X28) -> - | Z28: 0 | AA28: 0 | AB28: =IF(AA28=0,"-",Z28/AA28) -> - | AC28: 0 | AD28: 0 | AE28: =IF(AD28=0,"-",AC28/AD28) -> - | AF28: 0 | AG28: 0 | AH28: =IF(AG28=0,"-",AF28/AG28) -> - | AI28: 0 | AJ28: 0 | AK28: - | AL28: 0 | AM28: 0 | AN28: =IF(AM28=0,"-",AL28/AM28) -> - | AO28: 0 | AP28: 0 | AQ28: =IF(AP28=0,"-",AO28/AP28) -> - | AR28: 0 | AS28: 0 | AT28: =IF(AS28=0,"-",AR28/AS28) -> - | AU28: 0 | AV28: 0 | AW28: =IF(AV28=0,"-",AU28/AV28) -> - | AX28: 0 | AY28: 0 | AZ28: =IF(AY28=0,"-",AX28/AY28) -> - | BA28: 0 | BB28: 0 | BC28: - | BD28: 0 | BE28: 0 | BF28: =IF(BE28=0,"-",BD28/BE28) -> - | BG28: 0 | BH28: 0 | BI28: =IF(BH28=0,"-",BG28/BH28) -> - | BJ28: 0 | BK28: 0 | BL28: =IF(BK28=0,"-",BJ28/BK28) -> - | BM28: =BJ28+BG28+BD28+BA28+AX28+AU28+AR28+AO28+AL28+K28+Q28+N28+H28+E28+AI28+AF28+AC28+Z28+W28+B28 -> 0 | BN28: =BK28+BH28+BE28+BB28+AY28+AV28+AS28+AP28+AM28+L28+R28+O28+I28+F28+AJ28+AG28+AD28+AA28+X28+C28 -> 0 | BO28: =IF(BN28=0,"",BM28/BN28)
A29: 45285 | B29: 0 | C29: 0 | D29: - | E29: 0 | F29: 0 | G29: - | H29: 0 | I29: 0 | J29: - | K29: 0 | L29: 0 | M29: =IF(L29=0,"-",K29/L29) -> - | N29: 0 | O29: 0 | P29: - | Q29: 0 | R29: 0 | S29: =IF(R29=0,"-",Q29/R29) -> - | T29: 0 | U29: 0 | V29: =IF(U29=0,"-",T29/U29) -> - | W29: 0 | X29: 0 | Y29: =IF(X29=0,"-",W29/X29) -> - | Z29: 0 | AA29: 0 | AB29: =IF(AA29=0,"-",Z29/AA29) -> - | AC29: 0 | AD29: 0 | AE29: =IF(AD29=0,"-",AC29/AD29) -> - | AF29: 0 | AG29: 0 | AH29: =IF(AG29=0,"-",AF29/AG29) -> - | AI29: 0 | AJ29: 0 | AK29: - | AL29: 0 | AM29: 0 | AN29: =IF(AM29=0,"-",AL29/AM29) -> - | AO29: 0 | AP29: 0 | AQ29: =IF(AP29=0,"-",AO29/AP29) -> - | AR29: 0 | AS29: 0 | AT29: =IF(AS29=0,"-",AR29/AS29) -> - | AU29: 0 | AV29: 0 | AW29: =IF(AV29=0,"-",AU29/AV29) -> - | AX29: 0 | AY29: 0 | AZ29: =IF(AY29=0,"-",AX29/AY29) -> - | BA29: 0 | BB29: 0 | BC29: - | BD29: 0 | BE29: 0 | BF29: =IF(BE29=0,"-",BD29/BE29) -> - | BG29: 0 | BH29: 0 | BI29: =IF(BH29=0,"-",BG29/BH29) -> - | BJ29: 0 | BK29: 0 | BL29: =IF(BK29=0,"-",BJ29/BK29) -> - | BM29: =BJ29+BG29+BD29+BA29+AX29+AU29+AR29+AO29+AL29+K29+Q29+N29+H29+E29+AI29+AF29+AC29+Z29+W29+B29 -> 0 | BN29: =BK29+BH29+BE29+BB29+AY29+AV29+AS29+AP29+AM29+L29+R29+O29+I29+F29+AJ29+AG29+AD29+AA29+X29+C29 -> 0 | BO29: =IF(BN29=0,"",BM29/BN29)
A30: 45286 | B30: 0 | C30: 0 | D30: - | E30: 0 | F30: 0 | G30: - | H30: 0 | I30: 0 | J30: - | K30: 0 | L30: 0 | M30: =IF(L30=0,"-",K30/L30) -> - | N30: 0 | O30: 0 | P30: - | Q30: 0 | R30: 0 | S30: =IF(R30=0,"-",Q30/R30) -> - | T30: 0 | U30: 0 | V30: =IF(U30=0,"-",T30/U30) -> - | W30: 0 | X30: 0 | Y30: =IF(X30=0,"-",W30/X30) -> - | Z30: 0 | AA30: 0 | AB30: =IF(AA30=0,"-",Z30/AA30) -> - | AC30: 0 | AD30: 0 | AE30: =IF(AD30=0,"-",AC30/AD30) -> - | AF30: 0 | AG30: 0 | AH30: =IF(AG30=0,"-",AF30/AG30) -> - | AI30: 0 | AJ30: 0 | AK30: - | AL30: 0 | AM30: 0 | AN30: =IF(AM30=0,"-",AL30/AM30) -> - | AO30: 0 | AP30: 0 | AQ30: =IF(AP30=0,"-",AO30/AP30) -> - | AR30: 0 | AS30: 0 | AT30: =IF(AS30=0,"-",AR30/AS30) -> - | AU30: 0 | AV30: 0 | AW30: =IF(AV30=0,"-",AU30/AV30) -> - | AX30: 0 | AY30: 0 | AZ30: =IF(AY30=0,"-",AX30/AY30) -> - | BA30: 0 | BB30: 0 | BC30: - | BD30: 0 | BE30: 0 | BF30: =IF(BE30=0,"-",BD30/BE30) -> - | BG30: 0 | BH30: 0 | BI30: =IF(BH30=0,"-",BG30/BH30) -> - | BJ30: 0 | BK30: 0 | BL30: =IF(BK30=0,"-",BJ30/BK30) -> - | BM30: =BJ30+BG30+BD30+BA30+AX30+AU30+AR30+AO30+AL30+K30+Q30+N30+H30+E30+AI30+AF30+AC30+Z30+W30+B30 -> 0 | BN30: =BK30+BH30+BE30+BB30+AY30+AV30+AS30+AP30+AM30+L30+R30+O30+I30+F30+AJ30+AG30+AD30+AA30+X30+C30 -> 0 | BO30: =IF(BN30=0,"",BM30/BN30)
A31: 45287 | B31: 0 | C31: 0 | D31: - | E31: 0 | F31: 0 | G31: - | H31: 0 | I31: 0 | J31: - | K31: 0 | L31: 0 | M31: =IF(L31=0,"-",K31/L31) -> - | N31: 8 | O31: 2 | P31: - | Q31: 155 | R31: 27 | S31: =IF(R31=0,"",Q31/R31) -> 5.7407407 | T31: 0 | U31: 0 | V31: =IF(U31=0,"-",T31/U31) -> - | W31: 0 | X31: 0 | Y31: =IF(X31=0,"-",W31/X31) -> - | Z31: 0 | AA31: 0 | AB31: =IF(AA31=0,"-",Z31/AA31) -> - | AC31: 0 | AD31: 0 | AE31: =IF(AD31=0,"-",AC31/AD31) -> - | AF31: 0 | AG31: 0 | AH31: =IF(AG31=0,"-",AF31/AG31) -> - | AI31: 0 | AJ31: 0 | AK31: - | AL31: 0 | AM31: 0 | AN31: =IF(AM31=0,"-",AL31/AM31) -> - | AO31: 0 | AP31: 0 | AQ31: =IF(AP31=0,"-",AO31/AP31) -> - | AR31: 0 | AS31: 0 | AT31: =IF(AS31=0,"-",AR31/AS31) -> - | AU31: 0 | AV31: 0 | AW31: =IF(AV31=0,"-",AU31/AV31) -> - | AX31: 0 | AY31: 0 | AZ31: =IF(AY31=0,"-",AX31/AY31) -> - | BA31: 0 | BB31: 0 | BC31: - | BD31: 0 | BE31: 0 | BF31: =IF(BE31=0,"-",BD31/BE31) -> - | BG31: 0 | BH31: 0 | BI31: =IF(BH31=0,"-",BG31/BH31) -> - | BJ31: 0 | BK31: 0 | BL31: =IF(BK31=0,"-",BJ31/BK31) -> - | BM31: =BJ31+BG31+BD31+BA31+AX31+AU31+AR31+AO31+AL31+K31+Q31+N31+H31+E31+AI31+AF31+AC31+Z31+W31+B31 -> 163 | BN31: =BK31+BH31+BE31+BB31+AY31+AV31+AS31+AP31+AM31+L31+R31+O31+I31+F31+AJ31+AG31+AD31+AA31+X31+C31 -> 29 | BO31: =IF(BN31=0,"",BM31/BN31) -> 5.6206897
A32: 45288 | B32: 0 | C32: 0 | D32: - | E32: 0 | F32: 0 | G32: - | H32: 0 | I32: 0 | J32: - | K32: 0 | L32: 0 | M32: =IF(L32=0,"-",K32/L32) -> - | N32: 0 | O32: 0 | P32: - | Q32: 0 | R32: 0 | S32: - | T32: 0 | U32: 0 | V32: =IF(U32=0,"-",T32/U32) -> - | W32: 0 | X32: 0 | Y32: =IF(X32=0,"-",W32/X32) -> - | Z32: 0 | AA32: 0 | AB32: =IF(AA32=0,"-",Z32/AA32) -> - | AC32: 0 | AD32: 0 | AE32: =IF(AD32=0,"-",AC32/AD32) -> - | AF32: 0 | AG32: 0 | AH32: =IF(AG32=0,"-",AF32/AG32) -> - | AI32: 0 | AJ32: 0 | AK32: - | AL32: 0 | AM32: 0 | AN32: =IF(AM32=0,"-",AL32/AM32) -> - | AO32: 0 | AP32: 0 | AQ32: =IF(AP32=0,"-",AO32/AP32) -> - | AR32: 0 | AS32: 0 | AT32: =IF(AS32=0,"-",AR32/AS32) -> - | AU32: 0 | AV32: 0 | AW32: =IF(AV32=0,"-",AU32/AV32) -> - | AX32: 0 | AY32: 0 | AZ32: =IF(AY32=0,"-",AX32/AY32) -> - | BA32: 0 | BB32: 0 | BC32: - | BD32: 0 | BE32: 0 | BF32: =IF(BE32=0,"-",BD32/BE32) -> - | BG32: 0 | BH32: 0 | BI32: =IF(BH32=0,"-",BG32/BH32) -> - | BJ32: 0 | BK32: 0 | BL32: =IF(BK32=0,"-",BJ32/BK32) -> - | BM32: =BJ32+BG32+BD32+BA32+AX32+AU32+AR32+AO32+AL32+K32+Q32+N32+H32+E32+AI32+AF32+AC32+Z32+W32+B32 -> 0 | BN32: =BK32+BH32+BE32+BB32+AY32+AV32+AS32+AP32+AM32+L32+R32+O32+I32+F32+AJ32+AG32+AD32+AA32+X32+C32 -> 0 | BO32: =IF(BN32=0,"",BM32/BN32)
A33: 45289 | B33: 0 | C33: 0 | D33: - | E33: 0 | F33: 0 | G33: - | H33: 0 | I33: 0 | J33: - | K33: 0 | L33: 0 | M33: =IF(L33=0,"-",K33/L33) -> - | N33: 0 | O33: 0 | P33: - | Q33: 0 | R33: 0 | S33: - | T33: 0 | U33: 0 | V33: =IF(U33=0,"-",T33/U33) -> - | W33: 0 | X33: 0 | Y33: =IF(X33=0,"-",W33/X33) -> - | Z33: 0 | AA33: 0 | AB33: =IF(AA33=0,"-",Z33/AA33) -> - | AC33: 0 | AD33: 0 | AE33: =IF(AD33=0,"-",AC33/AD33) -> - | AF33: 0 | AG33: 0 | AH33: =IF(AG33=0,"-",AF33/AG33) -> - | AI33: 0 | AJ33: 0 | AK33: - | AL33: 0 | AM33: 0 | AN33: =IF(AM33=0,"-",AL33/AM33) -> - | AO33: 0 | AP33: 0 | AQ33: =IF(AP33=0,"-",AO33/AP33) -> - | AR33: 0 | AS33: 0 | AT33: =IF(AS33=0,"-",AR33/AS33) -> - | AU33: 0 | AV33: 0 | AW33: =IF(AV33=0,"-",AU33/AV33) -> - | AX33: 0 | AY33: 0 | AZ33: =IF(AY33=0,"-",AX33/AY33) -> - | BA33: 0 | BB33: 0 | BC33: - | BD33: 0 | BE33: 0 | BF33: =IF(BE33=0,"-",BD33/BE33) -> - | BG33: 0 | BH33: 0 | BI33: =IF(BH33=0,"-",BG33/BH33) -> - | BJ33: 0 | BK33: 0 | BL33: =IF(BK33=0,"-",BJ33/BK33) -> - | BM33: =BJ33+BG33+BD33+BA33+AX33+AU33+AR33+AO33+AL33+K33+Q33+N33+H33+E33+AI33+AF33+AC33+Z33+W33+B33 -> 0 | BN33: =BK33+BH33+BE33+BB33+AY33+AV33+AS33+AP33+AM33+L33+R33+O33+I33+F33+AJ33+AG33+AD33+AA33+X33+C33 -> 0 | BO33: =IF(BN33=0,"",BM33/BN33)
A34: 45290 | B34: 0 | C34: 0 | D34: - | E34: 0 | F34: 0 | G34: - | H34: 0 | I34: 0 | J34: - | K34: 0 | L34: 0 | M34: =IF(L34=0,"-",K34/L34) -> - | N34: 0 | O34: 0 | P34: - | Q34: 0 | R34: 0 | S34: - | T34: 0 | U34: 0 | V34: =IF(U34=0,"-",T34/U34) -> - | W34: 0 | X34: 0 | Y34: =IF(X34=0,"-",W34/X34) -> - | Z34: 0 | AA34: 0 | AB34: =IF(AA34=0,"-",Z34/AA34) -> - | AC34: 0 | AD34: 0 | AE34: =IF(AD34=0,"-",AC34/AD34) -> - | AF34: 0 | AG34: 0 | AH34: =IF(AG34=0,"-",AF34/AG34) -> - | AI34: 0 | AJ34: 0 | AK34: - | AL34: 0 | AM34: 0 | AN34: =IF(AM34=0,"-",AL34/AM34) -> - | AO34: 0 | AP34: 0 | AQ34: =IF(AP34=0,"-",AO34/AP34) -> - | AR34: 0 | AS34: 0 | AT34: =IF(AS34=0,"-",AR34/AS34) -> - | AU34: 0 | AV34: 0 | AW34: =IF(AV34=0,"-",AU34/AV34) -> - | AX34: 0 | AY34: 0 | AZ34: =IF(AY34=0,"-",AX34/AY34) -> - | BA34: 0 | BB34: 0 | BC34: - | BD34: 0 | BE34: 0 | BF34: =IF(BE34=0,"-",BD34/BE34) -> - | BG34: 0 | BH34: 0 | BI34: =IF(BH34=0,"-",BG34/BH34) -> - | BJ34: 0 | BK34: 0 | BL34: =IF(BK34=0,"-",BJ34/BK34) -> - | BM34: =BJ34+BG34+BD34+BA34+AX34+AU34+AR34+AO34+AL34+K34+Q34+N34+H34+E34+AI34+AF34+AC34+Z34+W34+B34 -> 0 | BN34: =BK34+BH34+BE34+BB34+AY34+AV34+AS34+AP34+AM34+L34+R34+O34+I34+F34+AJ34+AG34+AD34+AA34+X34+C34 -> 0 | BO34: =IF(BN34=0,"",BM34/BN34)
A35: Total | B35: =SUM(B5:B34) -> 971 | C35: =SUM(C5:C34) -> 115 | D35: =B35/C35 -> 8.4434783 | E35: =SUM(E5:E34) -> 84 | F35: =SUM(F5:F34) -> 12 | G35: =E35/F35 -> 7 | H35: =SUM(H5:H34) -> 134 | I35: =SUM(I5:I34) -> 18 | J35: =H35/I35 -> 7.4444444 | K35: =SUM(K5:K34) -> 9 | L35: =SUM(L5:L34) -> 2 | M35: =K35/L35 -> 4.5 | N35: =SUM(N5:N34) -> 732 | O35: =SUM(O5:O34) -> 137 | P35: =N35/O35 -> 5.3430657 | Q35: =SUM(Q5:Q34) -> 2584 | R35: =SUM(R5:R34) -> 448 | S35: =Q35/R35 -> 5.7678571 | T35: =SUM(T5:T34) -> 30 | U35: =SUM(U5:U34) -> 5 | V35: =T35/U35 -> 6 | W35: =SUM(W5:W34) -> 42 | X35: =SUM(X5:X34) -> 8 | Y35: =W35/X35 -> 5.25 | Z35: =SUM(Z5:Z34) -> 0 | AA35: =SUM(AA5:AA34) -> 0 | AB35: =Z35/AA35 -> #DIV/0! | AC35: =SUM(AC5:AC34) -> 21 | AD35: =SUM(AD5:AD34) -> 8 | AE35: =AC35/AD35 -> 2.625 | AF35: =SUM(AF5:AF34) -> 20 | AG35: =SUM(AG5:AG34) -> 4 | AH35: =AF35/AG35 -> 5 | AI35: =SUM(AI5:AI34) -> 53 | AJ35: =SUM(AJ5:AJ34) -> 7 | AK35: =AI35/AJ35 -> 7.5714286 | AL35: =SUM(AL5:AL34) -> 437 | AM35: =SUM(AM5:AM34) -> 65 | AN35: =AL35/AM35 -> 6.7230769 | AO35: =SUM(AO5:AO34) -> 8 | AP35: =SUM(AP5:AP34) -> 1 | AQ35: =AO35/AP35 -> 8 | AR35: =SUM(AR5:AR34) -> 87 | AS35: =SUM(AS5:AS34) -> 12 | AT35: =AR35/AS35 -> 7.25 | AU35: =SUM(AU5:AU34) -> 37 | AV35: =SUM(AV5:AV34) -> 5 | AW35: =AU35/AV35 -> 7.4 | AX35: =SUM(AX5:AX34) -> 0 | AY35: =SUM(AY5:AY34) -> 0 | AZ35: =IF(AY35=0,"-",AX35/AY35) -> - | BA35: =SUM(BA5:BA34) -> 178 | BB35: =SUM(BB5:BB34) -> 26 | BC35: =BA35/BB35 -> 6.8461538 | BD35: =SUM(BD5:BD34) -> 0 | BE35: =SUM(BE5:BE34) -> 0 | BF35: =IF(BE35=0,"-",BD35/BE35) -> - | BG35: =SUM(BG5:BG34) -> 21 | BH35: =SUM(BH5:BH34) -> 2 | BI35: =IF(BH35=0,"-",BG35/BH35) -> 10.5 | BJ35: =SUM(BJ5:BJ34) -> 0 | BK35: =SUM(BK5:BK34) -> 0 | BL35: =IF(BK35=0,"-",BJ35/BK35) -> - | BM35: =SUM(BM5:BM34) -> 5418 | BN35: =BK35+BH35+BE35+BB35+AY35+AV35+AS35+AP35+AM35+L35+R35+O35+I35+F35+AJ35+AG35+AD35+AA35+X35+C35 -> 870 | BO35: =IF(BN35=0,"",BM35/BN35) -> 6.2275862
A37: PAYLOAD REPORT BY ROUTE AND MONTH JAN 2024
C38: Aversen | F38: Aversen | I38: Aversen | L38: Aversen | O38: Jerome | R38: Jerome | U38: Jerome | X38: Ansar | AA38: Ansar | AD38: Ansar | AG38: Ansar | AJ38: Ansar | AM38: Brent | AP38: Brent | AS38: Brent | AV38: Brent | AY38: Brent | BB38: Sune | BE38: Sune | BH38: Sune | BK38: Sune | BM38: Total vehicles
B39: Route Kzn - Western Cape | E39: Route Kzn - Northern Cape | H39: Route Kzn - Gauteng | K39: Route Kzn - Other | N39: Route Kzn - Kzn Dealer | Q39: Route DCT - VDC / Other S/Yard | T39: Route KZN - Maputo TTAF/Other | W39: Route Western Cape to PE | Z39: Route Western Cape to EL | AC39: Route Western Cape to Kzn | AF39: Route Western Cape to GP | AI39: Route Western Cape to Other | AL39: Route EC - Kzn | AO39: Route EC - Western Cape | AR39: Route EC - Gauteng | AU39: Route EC- Freestate | AX39: Route EC - Maputo | BA39: Route Gauteng - Kzn | BD39: Route Gauteng - Eastern Cape | BG39: Route Gauteng - Western Cape | BJ39: Route Gauteng - Other | BM39: TOTALS
A40: DAY DATE | B40: Total vehicles | C40: Total Carriers | D40: Payload | E40: Total vehicles | F40: Total Carriers | G40: Payload | H40: Total vehicles | I40: Total Carriers | J40: Payload | K40: Total vehicles | L40: Total Carriers | M40: Payload | N40: Total vehicles | O40: Total Carriers | P40: Payload | Q40: Total vehicles | R40: Total Carriers | S40: Payload | T40: Total vehicles | U40: Total Carriers | V40: Payload | W40: Total vehicles | X40: Total Carriers | Y40: Payload | Z40: Total vehicles | AA40: Total Carriers | AB40: Payload | AC40: Total vehicles | AD40: Total Carriers | AE40: Payload | AF40: Total vehicles | AG40: Total Carriers | AH40: Payload | AI40: Total vehicles | AJ40: Total Carriers | AK40: Payload | AL40: Total vehicles | AM40: Total Carriers | AN40: Payload | AO40: Total vehicles | AP40: Total Carriers | AQ40: Payload | AR40: Total vehicles | AS40: Total Carriers | AT40: Payload | AU40: Total vehicles | AV40: Total Carriers | AW40: Payload | AX40: Total vehicles | AY40: Total Carriers | AZ40: Payload | BA40: Total vehicles | BB40: Total Carriers | BC40: Payload | BD40: Total vehicles | BE40: Total Carriers | BF40: Payload | BG40: Total vehicles | BH40: Total Carriers | BI40: Payload | BJ40: Total vehicles | BK40: Total Carriers | BL40: Payload | BM40: Total vehicles | BN40: Total Carriers | BO40: Payload
A41: 45292 | B41: 0 | C41: 0 | D41: =IF(C41=0,"-",B41/C41) -> - | E41: 0 | F41: 0 | G41: =IF(F41=0,"-",E41/F41) -> - | H41: 0 | I41: 0 | J41: =IF(I41=0,"-",H41/I41) -> - | K41: 0 | L41: 0 | M41: =IF(L41=0,"-",K41/L41) -> - | N41: 0 | O41: 0 | P41: =IF(O41=0,"-",N41/O41) -> - | Q41: 0 | R41: 0 | S41: =IF(R41=0,"-",Q41/R41) -> - | T41: 0 | U41: 0 | V41: =IF(U41=0,"-",T41/U41) -> - | W41: 0 | X41: 0 | Y41: =IF(X41=0,"-",W41/X41) -> - | Z41: 0 | AA41: 0 | AB41: =IF(AA41=0,"-",Z41/AA41) -> - | AC41: 0 | AD41: 0 | AE41: =IF(AD41=0,"-",AC41/AD41) -> - | AF41: 0 | AG41: 0 | AH41: =IF(AG41=0,"-",AF41/AG41) -> - | AI41: 0 | AJ41: 0 | AK41: =IF(AJ41=0,"-",AI41/AJ41) -> - | AL41: 0 | AM41: 0 | AN41: =IF(AM41=0,"-",AL41/AM41) -> - | AO41: 0 | AP41: 0 | AQ41: =IF(AP41=0,"-",AO41/AP41) -> - | AR41: 0 | AS41: 0 | AT41: =IF(AS41=0,"-",AR41/AS41) -> - | AU41: 0 | AV41: 0 | AW41: =IF(AV41=0,"-",AU41/AV41) -> - | AX41: 0 | AY41: 0 | AZ41: =IF(AY41=0,"-",AX41/AY41) -> - | BA41: 0 | BB41: 0 | BC41: =IF(BB41=0,"-",BA41/BB41) -> - | BD41: 0 | BE41: 0 | BF41: =IF(BE41=0,"-",BD41/BE41) -> - | BG41: 0 | BH41: 0 | BI41: =IF(BH41=0,"-",BG41/BH41) -> - | BJ41: 0 | BK41: 0 | BL41: =IF(BK41=0,"-",BJ41/BK41) -> - | BM41: =BJ41+BG41+BD41+BA41+AX41+AU41+AR41+AO41+AL41+K41+Q41+N41+H41+E41+AI41+AF41+AC41+Z41+W41+B41 -> 0 | BN41: =BK41+BH41+BE41+BB41+AY41+AV41+AS41+AP41+AM41+L41+R41+O41+I41+F41+AJ41+AG41+AD41+AA41+X41+C41 -> 0 | BO41: =IF(BN41=0,"",BM41/BN41)
A42: 45293 | B42: 0 | C42: 0 | D42: =IF(C42=0,"-",B42/C42) -> - | E42: 0 | F42: 0 | G42: =IF(F42=0,"-",E42/F42) -> - | H42: 0 | I42: 0 | J42: =IF(I42=0,"-",H42/I42) -> - | K42: 0 | L42: 0 | M42: =IF(L42=0,"-",K42/L42) -> - | N42: 38 | O42: 7 | P42: =IF(O42=0,"",N42/O42) -> 5.4285714 | Q42: 673 | R42: 93 | S42: =IF(R42=0,"",Q42/R42) -> 7.2365591 | T42: 0 | U42: 0 | V42: =IF(U42=0,"-",T42/U42) -> - | W42: 0 | X42: 0 | Y42: =IF(X42=0,"-",W42/X42) -> - | Z42: 0 | AA42: 0 | AB42: =IF(AA42=0,"-",Z42/AA42) -> - | AC42: 0 | AD42: 0 | AE42: =IF(AD42=0,"-",AC42/AD42) -> - | AF42: 0 | AG42: 0 | AH42: =IF(AG42=0,"-",AF42/AG42) -> - | AI42: 0 | AJ42: 0 | AK42: =IF(AJ42=0,"-",AI42/AJ42) -> - | AL42: 0 | AM42: 0 | AN42: =IF(AM42=0,"-",AL42/AM42) -> - | AO42: 0 | AP42: 0 | AQ42: =IF(AP42=0,"-",AO42/AP42) -> - | AR42: 0 | AS42: 0 | AT42: =IF(AS42=0,"-",AR42/AS42) -> - | AU42: 0 | AV42: 0 | AW42: =IF(AV42=0,"-",AU42/AV42) -> - | AX42: 0 | AY42: 0 | AZ42: =IF(AY42=0,"-",AX42/AY42) -> - | BA42: 0 | BB42: 0 | BC42: =IF(BB42=0,"-",BA42/BB42) -> - | BD42: 0 | BE42: 0 | BF42: =IF(BE42=0,"-",BD42/BE42) -> - | BG42: 0 | BH42: 0 | BI42: =IF(BH42=0,"-",BG42/BH42) -> - | BJ42: 0 | BK42: 0 | BL42: =IF(BK42=0,"-",BJ42/BK42) -> - | BM42: =BJ42+BG42+BD42+BA42+AX42+AU42+AR42+AO42+AL42+K42+Q42+N42+H42+E42+AI42+AF42+AC42+Z42+W42+B42 -> 711 | BN42: =BK42+BH42+BE42+BB42+AY42+AV42+AS42+AP42+AM42+L42+R42+O42+I42+F42+AJ42+AG42+AD42+AA42+X42+C42 -> 100 | BO42: =IF(BN42=0,"",BM42/BN42) -> 7.11
A43: 45294 | B43: 67 | C43: 8 | D43: =IF(C43=0,"",B43/C43) -> 8.375 | E43: 9 | F43: 1 | G43: =IF(F43=0,"",E43/F43) -> 9 | H43: 36 | I43: 4 | J43: =IF(I43=0,"",H43/I43) -> 9 | K43: 0 | L43: 0 | M43: =IF(L43=0,"-",K43/L43) -> - | N43: 90 | O43: 15 | P43: =IF(O43=0,"",N43/O43) -> 6 | Q43: 475 | R43: 71 | S43: =IF(R43=0,"",Q43/R43) -> 6.6901408 | T43: 0 | U43: 0 | V43: =IF(U43=0,"-",T43/U43) -> - | W43: 0 | X43: 0 | Y43: =IF(X43=0,"-",W43/X43) -> - | Z43: 0 | AA43: 0 | AB43: =IF(AA43=0,"-",Z43/AA43) -> - | AC43: 1 | AD43: 1 | AE43: =IF(AD43=0,"",AC43/AD43) -> 1 | AF43: 0 | AG43: 0 | AH43: =IF(AG43=0,"-",AF43/AG43) -> - | AI43: 0 | AJ43: 0 | AK43: =IF(AJ43=0,"-",AI43/AJ43) -> - | AL43: 27 | AM43: 4 | AN43: =IF(AM43=0,"-",AL43/AM43) -> 6.75 | AO43: 15 | AP43: 2 | AQ43: =IF(AP43=0,"-",AO43/AP43) -> 7.5 | AR43: 14 | AS43: 2 | AT43: =IF(AS43=0,"-",AR43/AS43) -> 7 | AU43: 7 | AV43: 1 | AW43: =IF(AV43=0,"-",AU43/AV43) -> 7 | AX43: 0 | AY43: 0 | AZ43: =IF(AY43=0,"-",AX43/AY43) -> - | BA43: 0 | BB43: 0 | BC43: =IF(BB43=0,"-",BA43/BB43) -> - | BD43: 0 | BE43: 0 | BF43: =IF(BE43=0,"-",BD43/BE43) -> - | BG43: 0 | BH43: 0 | BI43: =IF(BH43=0,"-",BG43/BH43) -> - | BJ43: 0 | BK43: 0 | BL43: =IF(BK43=0,"-",BJ43/BK43) -> - | BM43: =BJ43+BG43+BD43+BA43+AX43+AU43+AR43+AO43+AL43+K43+Q43+N43+H43+E43+AI43+AF43+AC43+Z43+W43+B43 -> 741 | BN43: =BK43+BH43+BE43+BB43+AY43+AV43+AS43+AP43+AM43+L43+R43+O43+I43+F43+AJ43+AG43+AD43+AA43+X43+C43 -> 109 | BO43: =IF(BN43=0,"",BM43/BN43) -> 6.7981651
A44: 45295 | B44: 30 | C44: 4 | D44: =IF(C44=0,"",B44/C44) -> 7.5 | E44: 0 | F44: 0 | G44: - | H44: 0 | I44: 0 | J44: - | K44: 4 | L44: 1 | M44: =IF(L44=0,"",K44/L44) -> 4 | N44: 12 | O44: 3 | P44: =IF(O44=0,"",N44/O44) -> 4 | Q44: 436 | R44: 68 | S44: =IF(R44=0,"",Q44/R44) -> 6.4117647 | T44: 0 | U44: 0 | V44: =IF(U44=0,"-",T44/U44) -> - | W44: 0 | X44: 0 | Y44: =IF(X44=0,"-",W44/X44) -> - | Z44: 0 | AA44: 0 | AB44: =IF(AA44=0,"-",Z44/AA44) -> - | AC44: 0 | AD44: 0 | AE44: =IF(AD44=0,"-",AC44/AD44) -> - | AF44: 0 | AG44: 0 | AH44: =IF(AG44=0,"-",AF44/AG44) -> - | AI44: 0 | AJ44: 0 | AK44: =IF(AJ44=0,"-",AI44/AJ44) -> - | AL44: 7 | AM44: 1 | AN44: =IF(AM44=0,"-",AL44/AM44) -> 7 | AO44: 0 | AP44: 0 | AQ44: =IF(AP44=0,"-",AO44/AP44) -> - | AR44: 0 | AS44: 0 | AT44: =IF(AS44=0,"-",AR44/AS44) -> - | AU44: 0 | AV44: 0 | AW44: =IF(AV44=0,"-",AU44/AV44) -> - | AX44: 0 | AY44: 0 | AZ44: =IF(AY44=0,"-",AX44/AY44) -> - | BA44: 26 | BB44: 3 | BC44: =IF(BB44=0,"",BA44/BB44) -> 8.6666667 | BD44: 0 | BE44: 0 | BF44: =IF(BE44=0,"-",BD44/BE44) -> - | BG44: 0 | BH44: 0 | BI44: =IF(BH44=0,"-",BG44/BH44) -> - | BJ44: 0 | BK44: 0 | BL44: =IF(BK44=0,"-",BJ44/BK44) -> - | BM44: =BJ44+BG44+BD44+BA44+AX44+AU44+AR44+AO44+AL44+K44+Q44+N44+H44+E44+AI44+AF44+AC44+Z44+W44+B44 -> 515 | BN44: =BK44+BH44+BE44+BB44+AY44+AV44+AS44+AP44+AM44+L44+R44+O44+I44+F44+AJ44+AG44+AD44+AA44+X44+C44 -> 80 | BO44: =IF(BN44=0,"",BM44/BN44) -> 6.4375
A45: 45296 | B45: 68 | C45: 7 | D45: =IF(C45=0,"",B45/C45) -> 9.7142857 | E45: 0 | F45: 0 | G45: - | H45: 6 | I45: 1 | J45: =IF(I45=0,"",H45/I45) -> 6 | K45: 0 | L45: 0 | M45: - | N45: 21 | O45: 4 | P45: =IF(O45=0,"",N45/O45) -> 5.25 | Q45: 461 | R45: 70 | S45: =IF(R45=0,"",Q45/R45) -> 6.5857143 | T45: 0 | U45: 0 | V45: =IF(U45=0,"-",T45/U45) -> - | W45: 9 | X45: 1 | Y45: =IF(X45=0,"",W45/X45) -> 9 | Z45: 0 | AA45: 0 | AB45: =IF(AA45=0,"-",Z45/AA45) -> - | AC45: 2 | AD45: 1 | AE45: =IF(AD45=0,"",AC45/AD45) -> 2 | AF45: 0 | AG45: 0 | AH45: =IF(AG45=0,"-",AF45/AG45) -> - | AI45: 9 | AJ45: 2 | AK45: =IF(AJ45=0,"",AI45/AJ45) -> 4.5 | AL45: 7 | AM45: 1 | AN45: =IF(AM45=0,"",AL45/AM45) -> 7 | AO45: 7 | AP45: 1 | AQ45: =IF(AP45=0,"",AO45/AP45) -> 7 | AR45: 7 | AS45: 1 | AT45: =IF(AS45=0,"",AR45/AS45) -> 7 | AU45: 0 | AV45: 0 | AW45: =IF(AV45=0,"-",AU45/AV45) -> - | AX45: 0 | AY45: 0 | AZ45: =IF(AY45=0,"-",AX45/AY45) -> - | BA45: 9 | BB45: 1 | BC45: =IF(BB45=0,"",BA45/BB45) -> 9 | BD45: 0 | BE45: 0 | BF45: =IF(BE45=0,"-",BD45/BE45) -> - | BG45: 0 | BH45: 0 | BI45: =IF(BH45=0,"-",BG45/BH45) -> - | BJ45: 0 | BK45: 0 | BL45: =IF(BK45=0,"-",BJ45/BK45) -> - | BM45: =BJ45+BG45+BD45+BA45+AX45+AU45+AR45+AO45+AL45+K45+Q45+N45+H45+E45+AI45+AF45+AC45+Z45+W45+B45 -> 606 | BN45: =BK45+BH45+BE45+BB45+AY45+AV45+AS45+AP45+AM45+L45+R45+O45+I45+F45+AJ45+AG45+AD45+AA45+X45+C45 -> 90 | BO45: =IF(BN45=0,"",BM45/BN45) -> 6.7333333
A46: 45297 | B46: 17 | C46: 2 | D46: =IF(C46=0,"",B46/C46) -> 8.5 | E46: 0 | F46: 0 | G46: - | H46: 0 | I46: 0 | J46: - | K46: 0 | L46: 0 | M46: - | N46: 5 | O46: 1 | P46: =IF(O46=0,"",N46/O46) -> 5 | Q46: 413 | R46: 68 | S46: =IF(R46=0,"",Q46/R46) -> 6.0735294 | T46: 0 | U46: 0 | V46: =IF(U46=0,"-",T46/U46) -> - | W46: 6 | X46: 1 | Y46: =IF(X46=0,"",W46/X46) -> 6 | Z46: 0 | AA46: 0 | AB46: =IF(AA46=0,"-",Z46/AA46) -> - | AC46: 0 | AD46: 0 | AE46: =IF(AD46=0,"-",AC46/AD46) -> - | AF46: 0 | AG46: 0 | AH46: =IF(AG46=0,"-",AF46/AG46) -> - | AI46: 3 | AJ46: 1 | AK46: =IF(AJ46=0,"",AI46/AJ46) -> 3 | AL46: 28 | AM46: 4 | AN46: =IF(AM46=0,"",AL46/AM46) -> 7 | AO46: 8 | AP46: 1 | AQ46: =IF(AP46=0,"",AO46/AP46) -> 8 | AR46: 45 | AS46: 6 | AT46: =IF(AS46=0,"",AR46/AS46) -> 7.5 | AU46: 0 | AV46: 0 | AW46: =IF(AV46=0,"-",AU46/AV46) -> - | AX46: 0 | AY46: 0 | AZ46: =IF(AY46=0,"-",AX46/AY46) -> - | BA46: 5 | BB46: 1 | BC46: =IF(BB46=0,"",BA46/BB46) -> 5 | BD46: 0 | BE46: 0 | BF46: =IF(BE46=0,"-",BD46/BE46) -> - | BG46: 0 | BH46: 0 | BI46: =IF(BH46=0,"-",BG46/BH46) -> - | BJ46: 0 | BK46: 0 | BL46: =IF(BK46=0,"-",BJ46/BK46) -> - | BM46: =BJ46+BG46+BD46+BA46+AX46+AU46+AR46+AO46+AL46+K46+Q46+N46+H46+E46+AI46+AF46+AC46+Z46+W46+B46 -> 530 | BN46: =BK46+BH46+BE46+BB46+AY46+AV46+AS46+AP46+AM46+L46+R46+O46+I46+F46+AJ46+AG46+AD46+AA46+X46+C46 -> 85 | BO46: =IF(BN46=0,"",BM46/BN46) -> 6.2352941
A47: 45298 | B47: 18 | C47: 2 | D47: =IF(C47=0,"",B47/C47) -> 9 | E47: 8 | F47: 1 | G47: =IF(F47=0,"",E47/F47) -> 8 | H47: 0 | I47: 0 | J47: - | K47: 0 | L47: 0 | M47: - | N47: 4 | O47: 1 | P47: =IF(O47=0,"",N47/O47) -> 4 | Q47: 218 | R47: 37 | S47: =IF(R47=0,"",Q47/R47) -> 5.8918919 | T47: 0 | U47: 0 | V47: =IF(U47=0,"-",T47/U47) -> - | W47: 0 | X47: 0 | Y47: =IF(X47=0,"-",W47/X47) -> - | Z47: 0 | AA47: 0 | AB47: =IF(AA47=0,"-",Z47/AA47) -> - | AC47: 0 | AD47: 0 | AE47: =IF(AD47=0,"-",AC47/AD47) -> - | AF47: 0 | AG47: 0 | AH47: =IF(AG47=0,"-",AF47/AG47) -> - | AI47: 0 | AJ47: 0 | AK47: =IF(AJ47=0,"-",AI47/AJ47) -> - | AL47: 14 | AM47: 2 | AN47: =IF(AM47=0,"",AL47/AM47) -> 7 | AO47: 7 | AP47: 1 | AQ47: =IF(AP47=0,"",AO47/AP47) -> 7 | AR47: 0 | AS47: 0 | AT47: - | AU47: 14 | AV47: 2 | AW47: =IF(AV47=0,"",AU47/AV47) -> 7 | AX47: 0 | AY47: 0 | AZ47: =IF(AY47=0,"-",AX47/AY47) -> - | BA47: 6 | BB47: 1 | BC47: =IF(BB47=0,"",BA47/BB47) -> 6 | BD47: 0 | BE47: 0 | BF47: =IF(BE47=0,"-",BD47/BE47) -> - | BG47: 0 | BH47: 0 | BI47: =IF(BH47=0,"-",BG47/BH47) -> - | BJ47: 0 | BK47: 0 | BL47: =IF(BK47=0,"-",BJ47/BK47) -> - | BM47: =BJ47+BG47+BD47+BA47+AX47+AU47+AR47+AO47+AL47+K47+Q47+N47+H47+E47+AI47+AF47+AC47+Z47+W47+B47 -> 289 | BN47: =BK47+BH47+BE47+BB47+AY47+AV47+AS47+AP47+AM47+L47+R47+O47+I47+F47+AJ47+AG47+AD47+AA47+X47+C47 -> 47 | BO47: =IF(BN47=0,"",BM47/BN47) -> 6.1489362
A48: 45299 | B48: 38 | C48: 4 | D48: =IF(C48=0,"",B48/C48) -> 9.5 | E48: 0 | F48: 0 | G48: - | H48: 0 | I48: 0 | J48: - | K48: 0 | L48: 0 | M48: - | N48: 22 | O48: 4 | P48: =IF(O48=0,"",N48/O48) -> 5.5 | Q48: 16 | R48: 3 | S48: =IF(R48=0,"",Q48/R48) -> 5.3333333 | T48: 0 | U48: 0 | V48: =IF(U48=0,"-",T48/U48) -> - | W48: 0 | X48: 0 | Y48: =IF(X48=0,"-",W48/X48) -> - | Z48: 0 | AA48: 0 | AB48: =IF(AA48=0,"-",Z48/AA48) -> - | AC48: 0 | AD48: 0 | AE48: =IF(AD48=0,"-",AC48/AD48) -> - | AF48: 0 | AG48: 0 | AH48: =IF(AG48=0,"-",AF48/AG48) -> - | AI48: 6 | AJ48: 1 | AK48: =IF(AJ48=0,"-",AI48/AJ48) -> 6 | AL48: 56 | AM48: 8 | AN48: =IF(AM48=0,"",AL48/AM48) -> 7 | AO48: 0 | AP48: 0 | AQ48: =IF(AP48=0,"-",AO48/AP48) -> - | AR48: 0 | AS48: 0 | AT48: =IF(AS48=0,"-",AR48/AS48) -> - | AU48: 0 | AV48: 0 | AW48: =IF(AV48=0,"-",AU48/AV48) -> - | AX48: 0 | AY48: 0 | AZ48: =IF(AY48=0,"-",AX48/AY48) -> - | BA48: 43 | BB48: 6 | BC48: =IF(BB48=0,"",BA48/BB48) -> 7.1666667 | BD48: 0 | BE48: 0 | BF48: =IF(BE48=0,"-",BD48/BE48) -> - | BG48: 0 | BH48: 0 | BI48: =IF(BH48=0,"-",BG48/BH48) -> - | BJ48: 0 | BK48: 0 | BL48: =IF(BK48=0,"-",BJ48/BK48) -> - | BM48: =BJ48+BG48+BD48+BA48+AX48+AU48+AR48+AO48+AL48+K48+Q48+N48+H48+E48+AI48+AF48+AC48+Z48+W48+B48 -> 181 | BN48: =BK48+BH48+BE48+BB48+AY48+AV48+AS48+AP48+AM48+L48+R48+O48+I48+F48+AJ48+AG48+AD48+AA48+X48+C48 -> 26 | BO48: =IF(BN48=0,"",BM48/BN48) -> 6.9615385
A49: 45300 | B49: 120 | C49: 13 | D49: =IF(C49=0,"",B49/C49) -> 9.2307692 | E49: 9 | F49: 1 | G49: =IF(F49=0,"",E49/F49) -> 9 | H49: 0 | I49: 0 | J49: - | K49: 0 | L49: 0 | M49: - | N49: 49 | O49: 8 | P49: =IF(O49=0,"",N49/O49) -> 6.125 | Q49: 4 | R49: 1 | S49: =IF(R49=0,"",Q49/R49) -> 4 | T49: 0 | U49: 0 | V49: =IF(U49=0,"-",T49/U49) -> - | W49: 6 | X49: 1 | Y49: =IF(X49=0,"",W49/X49) -> 6 | Z49: 0 | AA49: 0 | AB49: =IF(AA49=0,"-",Z49/AA49) -> - | AC49: 8 | AD49: 1 | AE49: =IF(AD49=0,"",AC49/AD49) -> 8 | AF49: 0 | AG49: 0 | AH49: =IF(AG49=0,"-",AF49/AG49) -> - | AI49: 2 | AJ49: 1 | AK49: =IF(AJ49=0,"",AI49/AJ49) -> 2 | AL49: 7 | AM49: 1 | AN49: =IF(AM49=0,"",AL49/AM49) -> 7 | AO49: 0 | AP49: 0 | AQ49: =IF(AP49=0,"-",AO49/AP49) -> - | AR49: 0 | AS49: 0 | AT49: =IF(AS49=0,"-",AR49/AS49) -> - | AU49: 0 | AV49: 0 | AW49: =IF(AV49=0,"-",AU49/AV49) -> - | AX49: 0 | AY49: 0 | AZ49: =IF(AY49=0,"-",AX49/AY49) -> - | BA49: 0 | BB49: 0 | BC49: =IF(BB49=0,"-",BA49/BB49) -> - | BD49: 0 | BE49: 0 | BF49: =IF(BE49=0,"-",BD49/BE49) -> - | BG49: 0 | BH49: 0 | BI49: =IF(BH49=0,"-",BG49/BH49) -> - | BJ49: 0 | BK49: 0 | BL49: =IF(BK49=0,"-",BJ49/BK49) -> - | BM49: =BJ49+BG49+BD49+BA49+AX49+AU49+AR49+AO49+AL49+K49+Q49+N49+H49+E49+AI49+AF49+AC49+Z49+W49+B49 -> 205 | BN49: =BK49+BH49+BE49+BB49+AY49+AV49+AS49+AP49+AM49+L49+R49+O49+I49+F49+AJ49+AG49+AD49+AA49+X49+C49 -> 27 | BO49: =IF(BN49=0,"",BM49/BN49) -> 7.5925926
A50: 45301 | B50: 45 | C50: 5 | D50: =IF(C50=0,"",B50/C50) -> 9 | E50: 0 | F50: 0 | G50: - | H50: 4 | I50: 1 | J50: =IF(I50=0,"",H50/I50) -> 4 | K50: 2 | L50: 1 | M50: =IF(L50=0,"",K50/L50) -> 2 | N50: 35 | O50: 6 | P50: =IF(O50=0,"",N50/O50) -> 5.8333333 | Q50: 217 | R50: 47 | S50: =IF(R50=0,"",Q50/R50) -> 4.6170213 | T50: 6 | U50: 1 | V50: =IF(U50=0,"",T50/U50) -> 6 | W50: 0 | X50: 0 | Y50: =IF(X50=0,"-",W50/X50) -> - | Z50: 0 | AA50: 0 | AB50: =IF(AA50=0,"-",Z50/AA50) -> - | AC50: 3 | AD50: 1 | AE50: =IF(AD50=0,"",AC50/AD50) -> 3 | AF50: 0 | AG50: 0 | AH50: =IF(AG50=0,"-",AF50/AG50) -> - | AI50: 0 | AJ50: 0 | AK50: =IF(AJ50=0,"-",AI50/AJ50) -> - | AL50: 0 | AM50: 0 | AN50: =IF(AM50=0,"-",AL50/AM50) -> - | AO50: 0 | AP50: 0 | AQ50: =IF(AP50=0,"-",AO50/AP50) -> - | AR50: 0 | AS50: 0 | AT50: =IF(AS50=0,"-",AR50/AS50) -> - | AU50: 0 | AV50: 0 | AW50: =IF(AV50=0,"-",AU50/AV50) -> - | AX50: 0 | AY50: 0 | AZ50: =IF(AY50=0,"-",AX50/AY50) -> - | BA50: 0 | BB50: 0 | BC50: =IF(BB50=0,"-",BA50/BB50) -> - | BD50: 0 | BE50: 0 | BF50: =IF(BE50=0,"-",BD50/BE50) -> - | BG50: 0 | BH50: 0 | BI50: =IF(BH50=0,"-",BG50/BH50) -> - | BJ50: 0 | BK50: 0 | BL50: =IF(BK50=0,"-",BJ50/BK50) -> - | BM50: =BJ50+BG50+BD50+BA50+AX50+AU50+AR50+AO50+AL50+K50+Q50+N50+H50+E50+AI50+AF50+AC50+Z50+W50+B50 -> 306 | BN50: =BK50+BH50+BE50+BB50+AY50+AV50+AS50+AP50+AM50+L50+R50+O50+I50+F50+AJ50+AG50+AD50+AA50+X50+C50 -> 61 | BO50: =IF(BN50=0,"",BM50/BN50) -> 5.0163934
A51: 45302 | B51: 8 | C51: 1 | D51: =IF(C51=0,"",B51/C51) -> 8 | E51: 0 | F51: 0 | G51: - | H51: 0 | I51: 0 | J51: - | K51: 0 | L51: 0 | M51: - | N51: 43 | O51: 7 | P51: =IF(O51=0,"",N51/O51) -> 6.1428571 | Q51: 416 | R51: 60 | S51: =IF(R51=0,"",Q51/R51) -> 6.9333333 | T51: 0 | U51: 0 | V51: =IF(U51=0,"-",T51/U51) -> - | W51: 4 | X51: 1 | Y51: =IF(X51=0,"",W51/X51) -> 4 | Z51: 0 | AA51: 0 | AB51: =IF(AA51=0,"-",Z51/AA51) -> - | AC51: 0 | AD51: 0 | AE51: =IF(AD51=0,"-",AC51/AD51) -> - | AF51: 0 | AG51: 0 | AH51: =IF(AG51=0,"-",AF51/AG51) -> - | AI51: 0 | AJ51: 0 | AK51: =IF(AJ51=0,"-",AI51/AJ51) -> - | AL51: 7 | AM51: 1 | AN51: =IF(AM51=0,"",AL51/AM51) -> 7 | AO51: 0 | AP51: 0 | AQ51: =IF(AP51=0,"-",AO51/AP51) -> - | AR51: 0 | AS51: 0 | AT51: =IF(AS51=0,"-",AR51/AS51) -> - | AU51: 0 | AV51: 0 | AW51: =IF(AV51=0,"-",AU51/AV51) -> - | AX51: 0 | AY51: 0 | AZ51: =IF(AY51=0,"-",AX51/AY51) -> - | BA51: 0 | BB51: 0 | BC51: =IF(BB51=0,"-",BA51/BB51) -> - | BD51: 0 | BE51: 0 | BF51: =IF(BE51=0,"-",BD51/BE51) -> - | BG51: 0 | BH51: 0 | BI51: =IF(BH51=0,"-",BG51/BH51) -> - | BJ51: 0 | BK51: 0 | BL51: =IF(BK51=0,"-",BJ51/BK51) -> - | BM51: =BJ51+BG51+BD51+BA51+AX51+AU51+AR51+AO51+AL51+K51+Q51+N51+H51+E51+AI51+AF51+AC51+Z51+W51+B51 -> 478 | BN51: =BK51+BH51+BE51+BB51+AY51+AV51+AS51+AP51+AM51+L51+R51+O51+I51+F51+AJ51+AG51+AD51+AA51+X51+C51 -> 70 | BO51: =IF(BN51=0,"",BM51/BN51) -> 6.8285714
A52: 45303 | B52: 60 | C52: 7 | D52: =IF(C52=0,"",B52/C52) -> 8.5714286 | E52: 0 | F52: 0 | G52: - | H52: 0 | I52: 0 | J52: - | K52: 0 | L52: 0 | M52: - | N52: 35 | O52: 6 | P52: =IF(O52=0,"",N52/O52) -> 5.8333333 | Q52: 376 | R52: 53 | S52: =IF(R52=0,"",Q52/R52) -> 7.0943396 | T52: 0 | U52: 0 | V52: =IF(U52=0,"-",T52/U52) -> - | W52: 10 | X52: 2 | Y52: =IF(X52=0,"",W52/X52) -> 5 | Z52: 0 | AA52: 0 | AB52: =IF(AA52=0,"-",Z52/AA52) -> - | AC52: 0 | AD52: 0 | AE52: =IF(AD52=0,"-",AC52/AD52) -> - | AF52: 0 | AG52: 0 | AH52: =IF(AG52=0,"-",AF52/AG52) -> - | AI52: 0 | AJ52: 0 | AK52: =IF(AJ52=0,"-",AI52/AJ52) -> - | AL52: 7 | AM52: 1 | AN52: =IF(AM52=0,"",AL52/AM52) -> 7 | AO52: 0 | AP52: 0 | AQ52: =IF(AP52=0,"-",AO52/AP52) -> - | AR52: 0 | AS52: 0 | AT52: =IF(AS52=0,"-",AR52/AS52) -> - | AU52: 0 | AV52: 0 | AW52: =IF(AV52=0,"-",AU52/AV52) -> - | AX52: 0 | AY52: 0 | AZ52: =IF(AY52=0,"-",AX52/AY52) -> - | BA52: 0 | BB52: 0 | BC52: =IF(BB52=0,"-",BA52/BB52) -> - | BD52: 0 | BE52: 0 | BF52: =IF(BE52=0,"-",BD52/BE52) -> - | BG52: 0 | BH52: 0 | BI52: =IF(BH52=0,"-",BG52/BH52) -> - | BJ52: 0 | BK52: 0 | BL52: =IF(BK52=0,"-",BJ52/BK52) -> - | BM52: =BJ52+BG52+BD52+BA52+AX52+AU52+AR52+AO52+AL52+K52+Q52+N52+H52+E52+AI52+AF52+AC52+Z52+W52+B52 -> 488 | BN52: =BK52+BH52+BE52+BB52+AY52+AV52+AS52+AP52+AM52+L52+R52+O52+I52+F52+AJ52+AG52+AD52+AA52+X52+C52 -> 69 | BO52: =IF(BN52=0,"",BM52/BN52) -> 7.0724638
A53: 45304 | B53: 86 | C53: 10 | D53: =IF(C53=0,"",B53/C53) -> 8.6 | E53: 15 | F53: 3 | G53: =IF(F53=0,"",E53/F53) -> 5 | H53: 0 | I53: 0 | J53: - | K53: 0 | L53: 0 | M53: - | N53: 17 | O53: 3 | P53: =IF(O53=0,"",N53/O53) -> 5.6666667 | Q53: 445 | R53: 63 | S53: =IF(R53=0,"",Q53/R53) -> 7.0634921 | T53: 0 | U53: 0 | V53: =IF(U53=0,"-",T53/U53) -> - | W53: 0 | X53: 0 | Y53: =IF(X53=0,"-",W53/X53) -> - | Z53: 0 | AA53: 0 | AB53: =IF(AA53=0,"-",Z53/AA53) -> - | AC53: 0 | AD53: 0 | AE53: =IF(AD53=0,"-",AC53/AD53) -> - | AF53: 0 | AG53: 0 | AH53: =IF(AG53=0,"-",AF53/AG53) -> - | AI53: 0 | AJ53: 0 | AK53: =IF(AJ53=0,"-",AI53/AJ53) -> - | AL53: 0 | AM53: 0 | AN53: =IF(AM53=0,"-",AL53/AM53) -> - | AO53: 0 | AP53: 0 | AQ53: =IF(AP53=0,"-",AO53/AP53) -> - | AR53: 0 | AS53: 0 | AT53: =IF(AS53=0,"-",AR53/AS53) -> - | AU53: 0 | AV53: 0 | AW53: =IF(AV53=0,"-",AU53/AV53) -> - | AX53: 0 | AY53: 0 | AZ53: =IF(AY53=0,"-",AX53/AY53) -> - | BA53: 6 | BB53: 1 | BC53: =IF(BB53=0,"",BA53/BB53) -> 6 | BD53: 0 | BE53: 0 | BF53: =IF(BE53=0,"-",BD53/BE53) -> - | BG53: 0 | BH53: 0 | BI53: =IF(BH53=0,"-",BG53/BH53) -> - | BJ53: 0 | BK53: 0 | BL53: =IF(BK53=0,"-",BJ53/BK53) -> - | BM53: =BJ53+BG53+BD53+BA53+AX53+AU53+AR53+AO53+AL53+K53+Q53+N53+H53+E53+AI53+AF53+AC53+Z53+W53+B53 -> 569 | BN53: =BK53+BH53+BE53+BB53+AY53+AV53+AS53+AP53+AM53+L53+R53+O53+I53+F53+AJ53+AG53+AD53+AA53+X53+C53 -> 80 | BO53: =IF(BN53=0,"",BM53/BN53) -> 7.1125
A54: 45305 | B54: 26 | C54: 3 | D54: =IF(C54=0,"",B54/C54) -> 8.6666667 | E54: 0 | F54: 0 | G54: - | H54: 6 | I54: 1 | J54: =IF(I54=0,"",H54/I54) -> 6 | K54: 0 | L54: 0 | M54: - | N54: 11 | O54: 2 | P54: =IF(O54=0,"",N54/O54) -> 5.5 | Q54: 21 | R54: 5 | S54: =IF(R54=0,"",Q54/R54) -> 4.2 | T54: 0 | U54: 0 | V54: =IF(U54=0,"-",T54/U54) -> - | W54: 0 | X54: 0 | Y54: =IF(X54=0,"-",W54/X54) -> - | Z54: 0 | AA54: 0 | AB54: =IF(AA54=0,"-",Z54/AA54) -> - | AC54: 0 | AD54: 0 | AE54: =IF(AD54=0,"-",AC54/AD54) -> - | AF54: 0 | AG54: 0 | AH54: =IF(AG54=0,"-",AF54/AG54) -> - | AI54: 0 | AJ54: 0 | AK54: =IF(AJ54=0,"-",AI54/AJ54) -> - | AL54: 0 | AM54: 0 | AN54: =IF(AM54=0,"-",AL54/AM54) -> - | AO54: 0 | AP54: 0 | AQ54: =IF(AP54=0,"-",AO54/AP54) -> - | AR54: 0 | AS54: 0 | AT54: =IF(AS54=0,"-",AR54/AS54) -> - | AU54: 0 | AV54: 0 | AW54: =IF(AV54=0,"-",AU54/AV54) -> - | AX54: 0 | AY54: 0 | AZ54: =IF(AY54=0,"-",AX54/AY54) -> - | BA54: 0 | BB54: 0 | BC54: =IF(BB54=0,"-",BA54/BB54) -> - | BD54: 0 | BE54: 0 | BF54: =IF(BE54=0,"-",BD54/BE54) -> - | BG54: 0 | BH54: 0 | BI54: =IF(BH54=0,"-",BG54/BH54) -> - | BJ54: 0 | BK54: 0 | BL54: =IF(BK54=0,"-",BJ54/BK54) -> - | BM54: =BJ54+BG54+BD54+BA54+AX54+AU54+AR54+AO54+AL54+K54+Q54+N54+H54+E54+AI54+AF54+AC54+Z54+W54+B54 -> 64 | BN54: =BK54+BH54+BE54+BB54+AY54+AV54+AS54+AP54+AM54+L54+R54+O54+I54+F54+AJ54+AG54+AD54+AA54+X54+C54 -> 11 | BO54: =IF(BN54=0,"",BM54/BN54) -> 5.8181818
A55: 45306 | B55: 54 | C55: 6 | D55: =IF(C55=0,"",B55/C55) -> 9 | E55: 0 | F55: 0 | G55: - | H55: 0 | I55: 0 | J55: - | K55: 0 | L55: 0 | M55: - | N55: 37 | O55: 7 | P55: =IF(O55=0,"",N55/O55) -> 5.2857143 | Q55: 6 | R55: 1 | S55: =IF(R55=0,"",Q55/R55) -> 6 | T55: 0 | U55: 0 | V55: =IF(U55=0,"-",T55/U55) -> - | W55: 0 | X55: 0 | Y55: =IF(X55=0,"-",W55/X55) -> - | Z55: 0 | AA55: 0 | AB55: =IF(AA55=0,"-",Z55/AA55) -> - | AC55: 0 | AD55: 0 | AE55: =IF(AD55=0,"-",AC55/AD55) -> - | AF55: 0 | AG55: 0 | AH55: =IF(AG55=0,"-",AF55/AG55) -> - | AI55: 20 | AJ55: 4 | AK55: =IF(AJ55=0,"",AI55/AJ55) -> 5 | AL55: 6 | AM55: 1 | AN55: =IF(AM55=0,"",AL55/AM55) -> 6 | AO55: 0 | AP55: 0 | AQ55: =IF(AP55=0,"-",AO55/AP55) -> - | AR55: 0 | AS55: 0 | AT55: =IF(AS55=0,"-",AR55/AS55) -> - | AU55: 7 | AV55: 1 | AW55: =IF(AV55=0,"",AU55/AV55) -> 7 | AX55: 0 | AY55: 0 | AZ55: =IF(AY55=0,"-",AX55/AY55) -> - | BA55: 6 | BB55: 1 | BC55: =IF(BB55=0,"",BA55/BB55) -> 6 | BD55: 0 | BE55: 0 | BF55: =IF(BE55=0,"-",BD55/BE55) -> - | BG55: 1 | BH55: 1 | BI55: =IF(BH55=0,"-",BG55/BH55) -> 1 | BJ55: 0 | BK55: 0 | BL55: =IF(BK55=0,"-",BJ55/BK55) -> - | BM55: =BJ55+BG55+BD55+BA55+AX55+AU55+AR55+AO55+AL55+K55+Q55+N55+H55+E55+AI55+AF55+AC55+Z55+W55+B55 -> 137 | BN55: =BK55+BH55+BE55+BB55+AY55+AV55+AS55+AP55+AM55+L55+R55+O55+I55+F55+AJ55+AG55+AD55+AA55+X55+C55 -> 22 | BO55: =IF(BN55=0,"",BM55/BN55) -> 6.2272727
A56: 45307 | B56: 41 | C56: 6 | D56: =IF(C56=0,"",B56/C56) -> 6.8333333 | E56: 8 | F56: 1 | G56: =IF(F56=0,"",E56/F56) -> 8 | H56: 8 | I56: 1 | J56: =IF(I56=0,"",H56/I56) -> 8 | K56: 0 | L56: 0 | M56: - | N56: 40 | O56: 7 | P56: =IF(O56=0,"",N56/O56) -> 5.7142857 | Q56: 0 | R56: 0 | S56: - | T56: 12 | U56: 2 | V56: =IF(U56=0,"",T56/U56) -> 6 | W56: 0 | X56: 0 | Y56: =IF(X56=0,"-",W56/X56) -> - | Z56: 0 | AA56: 0 | AB56: =IF(AA56=0,"-",Z56/AA56) -> - | AC56: 0 | AD56: 0 | AE56: =IF(AD56=0,"-",AC56/AD56) -> - | AF56: 0 | AG56: 0 | AH56: =IF(AG56=0,"-",AF56/AG56) -> - | AI56: 7 | AJ56: 1 | AK56: =IF(AJ56=0,"",AI56/AJ56) -> 7 | AL56: 20 | AM56: 3 | AN56: =IF(AM56=0,"",AL56/AM56) -> 6.6666667 | AO56: 0 | AP56: 0 | AQ56: =IF(AP56=0,"-",AO56/AP56) -> - | AR56: 0 | AS56: 0 | AT56: =IF(AS56=0,"-",AR56/AS56) -> - | AU56: 0 | AV56: 0 | AW56: =IF(AV56=0,"-",AU56/AV56) -> - | AX56: 0 | AY56: 0 | AZ56: =IF(AY56=0,"-",AX56/AY56) -> - | BA56: 0 | BB56: 0 | BC56: =IF(BB56=0,"-",BA56/BB56) -> - | BD56: 0 | BE56: 0 | BF56: =IF(BE56=0,"-",BD56/BE56) -> - | BG56: 0 | BH56: 0 | BI56: =IF(BH56=0,"-",BG56/BH56) -> - | BJ56: 0 | BK56: 0 | BL56: =IF(BK56=0,"-",BJ56/BK56) -> - | BM56: =BJ56+BG56+BD56+BA56+AX56+AU56+AR56+AO56+AL56+K56+Q56+N56+H56+E56+AI56+AF56+AC56+Z56+W56+B56 -> 124 | BN56: =BK56+BH56+BE56+BB56+AY56+AV56+AS56+AP56+AM56+L56+R56+O56+I56+F56+AJ56+AG56+AD56+AA56+X56+C56 -> 19 | BO56: =IF(BN56=0,"",BM56/BN56) -> 6.5263158
A57: 45308 | B57: 41 | C57: 5 | D57: =IF(C57=0,"",B57/C57) -> 8.2 | E57: 0 | F57: 0 | G57: - | H57: 0 | I57: 0 | J57: - | K57: 0 | L57: 0 | M57: - | N57: 33 | O57: 6 | P57: =IF(O57=0,"",N57/O57) -> 5.5 | Q57: 0 | R57: 0 | S57: - | T57: 0 | U57: 0 | V57: =IF(U57=0,"-",T57/U57) -> - | W57: 0 | X57: 0 | Y57: =IF(X57=0,"-",W57/X57) -> - | Z57: 0 | AA57: 0 | AB57: =IF(AA57=0,"-",Z57/AA57) -> - | AC57: 0 | AD57: 0 | AE57: =IF(AD57=0,"-",AC57/AD57) -> - | AF57: 0 | AG57: 0 | AH57: =IF(AG57=0,"-",AF57/AG57) -> - | AI57: 0 | AJ57: 0 | AK57: =IF(AJ57=0,"-",AI57/AJ57) -> - | AL57: 14 | AM57: 2 | AN57: =IF(AM57=0,"",AL57/AM57) -> 7 | AO57: 0 | AP57: 0 | AQ57: =IF(AP57=0,"-",AO57/AP57) -> - | AR57: 42 | AS57: 6 | AT57: =IF(AS57=0,"",AR57/AS57) -> 7 | AU57: 0 | AV57: 0 | AW57: =IF(AV57=0,"-",AU57/AV57) -> - | AX57: 0 | AY57: 0 | AZ57: =IF(AY57=0,"-",AX57/AY57) -> - | BA57: 7 | BB57: 1 | BC57: =IF(BB57=0,"",BA57/BB57) -> 7 | BD57: 0 | BE57: 0 | BF57: =IF(BE57=0,"-",BD57/BE57) -> - | BG57: 0 | BH57: 0 | BI57: =IF(BH57=0,"-",BG57/BH57) -> - | BJ57: 0 | BK57: 0 | BL57: =IF(BK57=0,"-",BJ57/BK57) -> - | BM57: =BJ57+BG57+BD57+BA57+AX57+AU57+AR57+AO57+AL57+K57+Q57+N57+H57+E57+AI57+AF57+AC57+Z57+W57+B57 -> 137 | BN57: =BK57+BH57+BE57+BB57+AY57+AV57+AS57+AP57+AM57+L57+R57+O57+I57+F57+AJ57+AG57+AD57+AA57+X57+C57 -> 20 | BO57: =IF(BN57=0,"",BM57/BN57) -> 6.85
A58: 45309 | B58: 25 | C58: 3 | D58: =IF(C58=0,"",B58/C58) -> 8.3333333 | E58: 11 | F58: 2 | G58: =IF(F58=0,"",E58/F58) -> 5.5 | H58: 6 | I58: 1 | J58: =IF(I58=0,"",H58/I58) -> 6 | K58: 0 | L58: 0 | M58: - | N58: 29 | O58: 5 | P58: =IF(O58=0,"",N58/O58) -> 5.8 | Q58: 5 | R58: 1 | S58: =IF(R58=0,"",Q58/R58) -> 5 | T58: 0 | U58: 0 | V58: =IF(U58=0,"-",T58/U58) -> - | W58: 0 | X58: 0 | Y58: =IF(X58=0,"-",W58/X58) -> - | Z58: 0 | AA58: 0 | AB58: =IF(AA58=0,"-",Z58/AA58) -> - | AC58: 0 | AD58: 0 | AE58: =IF(AD58=0,"-",AC58/AD58) -> - | AF58: 0 | AG58: 0 | AH58: =IF(AG58=0,"-",AF58/AG58) -> - | AI58: 0 | AJ58: 0 | AK58: =IF(AJ58=0,"-",AI58/AJ58) -> - | AL58: 0 | AM58: 0 | AN58: =IF(AM58=0,"-",AL58/AM58) -> - | AO58: 6 | AP58: 1 | AQ58: =IF(AP58=0,"",AO58/AP58) -> 6 | AR58: 7 | AS58: 1 | AT58: =IF(AS58=0,"",AR58/AS58) -> 7 | AU58: 0 | AV58: 0 | AW58: =IF(AV58=0,"-",AU58/AV58) -> - | AX58: 0 | AY58: 0 | AZ58: =IF(AY58=0,"-",AX58/AY58) -> - | BA58: 6 | BB58: 2 | BC58: =IF(BB58=0,"",BA58/BB58) -> 3 | BD58: 0 | BE58: 0 | BF58: =IF(BE58=0,"-",BD58/BE58) -> - | BG58: 0 | BH58: 0 | BI58: =IF(BH58=0,"-",BG58/BH58) -> - | BJ58: 0 | BK58: 0 | BL58: =IF(BK58=0,"-",BJ58/BK58) -> - | BM58: =BJ58+BG58+BD58+BA58+AX58+AU58+AR58+AO58+AL58+K58+Q58+N58+H58+E58+AI58+AF58+AC58+Z58+W58+B58 -> 95 | BN58: =BK58+BH58+BE58+BB58+AY58+AV58+AS58+AP58+AM58+L58+R58+O58+I58+F58+AJ58+AG58+AD58+AA58+X58+C58 -> 16 | BO58: =IF(BN58=0,"",BM58/BN58) -> 5.9375
A59: 45310 | B59: 87 | C59: 9 | D59: =IF(C59=0,"",B59/C59) -> 9.6666667 | E59: 5 | F59: 1 | G59: =IF(F59=0,"",E59/F59) -> 5 | H59: 0 | I59: 0 | J59: - | K59: 0 | L59: 0 | M59: - | N59: 67 | O59: 12 | P59: =IF(O59=0,"",N59/O59) -> 5.5833333 | Q59: 122 | R59: 20 | S59: =IF(R59=0,"",Q59/R59) -> 6.1 | T59: 0 | U59: 0 | V59: =IF(U59=0,"-",T59/U59) -> - | W59: 9 | X59: 1 | Y59: =IF(X59=0,"",W59/X59) -> 9 | Z59: 0 | AA59: 0 | AB59: =IF(AA59=0,"-",Z59/AA59) -> - | AC59: 1 | AD59: 1 | AE59: =IF(AD59=0,"",AC59/AD59) -> 1 | AF59: 0 | AG59: 0 | AH59: =IF(AG59=0,"-",AF59/AG59) -> - | AI59: 0 | AJ59: 0 | AK59: =IF(AJ59=0,"-",AI59/AJ59) -> - | AL59: 0 | AM59: 0 | AN59: =IF(AM59=0,"-",AL59/AM59) -> - | AO59: 0 | AP59: 0 | AQ59: =IF(AP59=0,"-",AO59/AP59) -> - | AR59: 0 | AS59: 0 | AT59: =IF(AS59=0,"-",AR59/AS59) -> - | AU59: 0 | AV59: 0 | AW59: =IF(AV59=0,"-",AU59/AV59) -> - | AX59: 0 | AY59: 0 | AZ59: =IF(AY59=0,"-",AX59/AY59) -> - | BA59: 45 | BB59: 6 | BC59: =IF(BB59=0,"",BA59/BB59) -> 7.5 | BD59: 0 | BE59: 0 | BF59: =IF(BE59=0,"-",BD59/BE59) -> - | BG59: 0 | BH59: 0 | BI59: =IF(BH59=0,"-",BG59/BH59) -> - | BJ59: 0 | BK59: 0 | BL59: =IF(BK59=0,"-",BJ59/BK59) -> - | BM59: =BJ59+BG59+BD59+BA59+AX59+AU59+AR59+AO59+AL59+K59+Q59+N59+H59+E59+AI59+AF59+AC59+Z59+W59+B59 -> 336 | BN59: =BK59+BH59+BE59+BB59+AY59+AV59+AS59+AP59+AM59+L59+R59+O59+I59+F60+AJ59+AG59+AD59+AA59+X59+C59 -> 50 | BO59: =IF(BN59=0,"",BM59/BN59) -> 6.72
A60: 45311 | B60: 35 | C60: 5 | D60: =IF(C60=0,"",B60/C60) -> 7 | E60: 6 | F60: 1 | G60: =IF(F60=0,"",E60/F60) -> 6 | H60: 8 | I60: 1 | J60: =IF(I60=0,"",H60/I60) -> 8 | K60: 0 | L60: 0 | M60: - | N60: 26 | O60: 5 | P60: =IF(O60=0,"",N60/O60) -> 5.2 | Q60: 0 | R60: 0 | S60: - | T60: 0 | U60: 0 | V60: =IF(U60=0,"-",T60/U60) -> - | W60: 0 | X60: 0 | Y60: =IF(X60=0,"-",W60/X60) -> - | Z60: 0 | AA60: 0 | AB60: =IF(AA60=0,"-",Z60/AA60) -> - | AC60: 0 | AD60: 0 | AE60: =IF(AD60=0,"-",AC60/AD60) -> - | AF60: 0 | AG60: 0 | AH60: =IF(AG60=0,"-",AF60/AG60) -> - | AI60: 0 | AJ60: 0 | AK60: =IF(AJ60=0,"-",AI60/AJ60) -> - | AL60: 21 | AM60: 3 | AN60: =IF(AM60=0,"-",AL60/AM60) -> 7 | AO60: 0 | AP60: 0 | AQ60: =IF(AP60=0,"-",AO60/AP60) -> - | AR60: 0 | AS60: 0 | AT60: =IF(AS60=0,"-",AR60/AS60) -> - | AU60: 0 | AV60: 0 | AW60: =IF(AV60=0,"-",AU60/AV60) -> - | AX60: 0 | AY60: 0 | AZ60: =IF(AY60=0,"-",AX60/AY60) -> - | BA60: 0 | BB60: 0 | BC60: =IF(BB60=0,"-",BA60/BB60) -> - | BD60: 0 | BE60: 0 | BF60: =IF(BE60=0,"-",BD60/BE60) -> - | BG60: 0 | BH60: 0 | BI60: =IF(BH60=0,"-",BG60/BH60) -> - | BJ60: 0 | BK60: 0 | BL60: =IF(BK60=0,"-",BJ60/BK60) -> - | BM60: =BJ60+BG60+BD60+BA60+AX60+AU60+AR60+AO60+AL60+K60+Q60+N60+H60+E60+AI60+AF60+AC60+Z60+W60+B60 -> 96 | BN60: =BK60+BH60+BE60+BB60+AY60+AV60+AS60+AP60+AM60+L60+R60+O60+I60+F61+AJ60+AG60+AD60+AA60+X60+C60 -> 14 | BO60: =IF(BN60=0,"",BM60/BN60) -> 6.8571429
A61: 45312 | B61: 0 | C61: 0 | D61: - | E61: 0 | F61: 0 | G61: - | H61: 0 | I61: 0 | J61: - | K61: 0 | L61: 0 | M61: - | N61: 0 | O61: 0 | P61: - | Q61: 0 | R61: 0 | S61: - | T61: 12 | U61: 2 | V61: =IF(U61=0,"",T61/U61) -> 6 | W61: 0 | X61: 0 | Y61: =IF(X61=0,"-",W61/X61) -> - | Z61: 0 | AA61: 0 | AB61: =IF(AA61=0,"-",Z61/AA61) -> - | AC61: 0 | AD61: 0 | AE61: =IF(AD61=0,"-",AC61/AD61) -> - | AF61: 0 | AG61: 0 | AH61: =IF(AG61=0,"-",AF61/AG61) -> - | AI61: 0 | AJ61: 0 | AK61: =IF(AJ61=0,"-",AI61/AJ61) -> - | AL61: 0 | AM61: 0 | AN61: =IF(AM61=0,"-",AL61/AM61) -> - | AO61: 0 | AP61: 0 | AQ61: =IF(AP61=0,"-",AO61/AP61) -> - | AR61: 0 | AS61: 0 | AT61: =IF(AS61=0,"-",AR61/AS61) -> - | AU61: 7 | AV61: 1 | AW61: =IF(AV61=0,"",AU61/AV61) -> 7 | AX61: 0 | AY61: 0 | AZ61: =IF(AY61=0,"-",AX61/AY61) -> - | BA61: 0 | BB61: 0 | BC61: =IF(BB61=0,"-",BA61/BB61) -> - | BD61: 0 | BE61: 0 | BF61: =IF(BE61=0,"-",BD61/BE61) -> - | BG61: 0 | BH61: 0 | BI61: =IF(BH61=0,"-",BG61/BH61) -> - | BJ61: 0 | BK61: 0 | BL61: =IF(BK61=0,"-",BJ61/BK61) -> - | BM61: =BJ61+BG61+BD61+BA61+AX61+AU61+AR61+AO61+AL61+K61+Q61+N61+H61+E61+AI61+AF61+AC61+Z61+W61+B61 -> 7 | BN61: =BK61+BH61+BE61+BB61+AY61+AV61+AS61+AP61+AM61+L61+R61+O61+I61+F61+AJ62+AG61+AD61+AA61+X61+C61 -> 1 | BO61: =IF(BN61=0,"",BM61/BN61) -> 7
A62: 45313 | B62: 32 | C62: 4 | D62: =IF(C62=0,"",B62/C62) -> 8 | E62: 0 | F62: 0 | G62: - | H62: 0 | I62: 0 | J62: - | K62: 0 | L62: 0 | M62: - | N62: 85 | O62: 14 | P62: =IF(O62=0,"",N62/O62) -> 6.0714286 | Q62: 219 | R62: 35 | S62: =IF(R62=0,"",Q62/R62) -> 6.2571429 | T62: 0 | U62: 0 | V62: - | W62: 0 | X62: 0 | Y62: =IF(X62=0,"-",W62/X62) -> - | Z62: 0 | AA62: 0 | AB62: =IF(AA62=0,"-",Z62/AA62) -> - | AC62: 0 | AD62: 0 | AE62: =IF(AD62=0,"-",AC62/AD62) -> - | AF62: 0 | AG62: 0 | AH62: =IF(AG62=0,"-",AF62/AG62) -> - | AI62: 0 | AJ62: 0 | AK62: =IF(AJ62=0,"-",AI62/AJ62) -> - | AL62: 35 | AM62: 5 | AN62: =IF(AM62=0,"",AL62/AM62) -> 7 | AO62: 0 | AP62: 0 | AQ62: =IF(AP62=0,"-",AO62/AP62) -> - | AR62: 0 | AS62: 0 | AT62: =IF(AS62=0,"-",AR62/AS62) -> - | AU62: 0 | AV62: 0 | AW62: =IF(AV62=0,"-",AU62/AV62) -> - | AX62: 0 | AY62: 0 | AZ62: =IF(AY62=0,"-",AX62/AY62) -> - | BA62: 7 | BB62: 1 | BC62: =IF(BB62=0,"",BA62/BB62) -> 7 | BD62: 0 | BE62: 0 | BF62: =IF(BE62=0,"-",BD62/BE62) -> - | BG62: 0 | BH62: 0 | BI62: =IF(BH62=0,"-",BG62/BH62) -> - | BJ62: 0 | BK62: 0 | BL62: =IF(BK62=0,"-",BJ62/BK62) -> - | BM62: =BJ62+BG62+BD62+BA62+AX62+AU62+AR62+AO62+AL62+K62+Q62+N62+H62+E62+AI62+AF62+AC62+Z62+W62+B62 -> 378 | BN62: =BK62+BH62+BE62+BB62+AY62+AV62+AS62+AP62+AM62+L62+R62+O62+I62+F62+AJ63+AG62+AD62+AA62+X62+C62 -> 59 | BO62: =IF(BN62=0,"",BM62/BN62) -> 6.4067797
A63: 45314 | B63: 35 | C63: 5 | D63: =IF(C63=0,"",B63/C63) -> 7 | E63: 7 | F63: 1 | G63: =IF(F63=0,"",E63/F63) -> 7 | H63: 6 | I63: 1 | J63: =IF(I63=0,"",H63/I63) -> 6 | K63: 0 | L63: 0 | M63: - | N63: 58 | O63: 10 | P63: =IF(O63=0,"",N63/O63) -> 5.8 | Q63: 0 | R63: 0 | S63: - | T63: 0 | U63: 0 | V63: - | W63: 0 | X63: 0 | Y63: =IF(X63=0,"-",W63/X63) -> - | Z63: 0 | AA63: 0 | AB63: =IF(AA63=0,"-",Z63/AA63) -> - | AC63: 0 | AD63: 0 | AE63: =IF(AD63=0,"-",AC63/AD63) -> - | AF63: 0 | AG63: 0 | AH63: =IF(AG63=0,"-",AF63/AG63) -> - | AI63: 0 | AJ63: 0 | AK63: =IF(AJ63=0,"-",AI63/AJ63) -> - | AL63: 43 | AM63: 6 | AN63: =IF(AM63=0,"",AL63/AM63) -> 7.1666667 | AO63: 0 | AP63: 0 | AQ63: =IF(AP63=0,"-",AO63/AP63) -> - | AR63: 0 | AS63: 0 | AT63: =IF(AS63=0,"-",AR63/AS63) -> - | AU63: 0 | AV63: 0 | AW63: =IF(AV63=0,"-",AU63/AV63) -> - | AX63: 0 | AY63: 0 | AZ63: =IF(AY63=0,"-",AX63/AY63) -> - | BA63: 0 | BB63: 0 | BC63: =IF(BB63=0,"-",BA63/BB63) -> - | BD63: 0 | BE63: 0 | BF63: =IF(BE63=0,"-",BD63/BE63) -> - | BG63: 0 | BH63: 0 | BI63: =IF(BH63=0,"-",BG63/BH63) -> - | BJ63: 0 | BK63: 0 | BL63: =IF(BK63=0,"-",BJ63/BK63) -> - | BM63: =BJ63+BG63+BD63+BA63+AX63+AU63+AR63+AO63+AL63+K63+Q63+N63+H63+E63+AI63+AF63+AC63+Z63+W63+B63 -> 149 | BN63: =BK63+BH63+BE63+BB63+AY63+AV63+AS63+AP63+AM63+L63+R63+O63+I63+F63+AJ64+AG63+AD63+AA63+X63+C63 -> 23 | BO63: =IF(BN63=0,"",BM63/BN63) -> 6.4782609
A64: 45315 | B64: 44 | C64: 7 | D64: =IF(C64=0,"",B64/C64) -> 6.2857143 | E64: 7 | F64: 1 | G64: =IF(F64=0,"",E64/F64) -> 7 | H64: 26 | I64: 3 | J64: =IF(I64=0,"",H64/I64) -> 8.6666667 | K64: 0 | L64: 0 | M64: - | N64: 51 | O64: 9 | P64: =IF(O64=0,"",N64/O64) -> 5.6666667 | Q64: 0 | R64: 0 | S64: - | T64: 0 | U64: 0 | V64: - | W64: 7 | X64: 1 | Y64: =IF(X64=0,"",W64/X64) -> 7 | Z64: 0 | AA64: 0 | AB64: =IF(AA64=0,"-",Z64/AA64) -> - | AC64: 0 | AD64: 0 | AE64: =IF(AD64=0,"-",AC64/AD64) -> - | AF64: 0 | AG64: 0 | AH64: =IF(AG64=0,"-",AF64/AG64) -> - | AI64: 0 | AJ64: 0 | AK64: =IF(AJ64=0,"-",AI64/AJ64) -> - | AL64: 0 | AM64: 0 | AN64: =IF(AM64=0,"-",AL64/AM64) -> - | AO64: 0 | AP64: 0 | AQ64: =IF(AP64=0,"-",AO64/AP64) -> - | AR64: 0 | AS64: 0 | AT64: =IF(AS64=0,"-",AR64/AS64) -> - | AU64: 0 | AV64: 0 | AW64: =IF(AV64=0,"-",AU64/AV64) -> - | AX64: 0 | AY64: 0 | AZ64: =IF(AY64=0,"-",AX64/AY64) -> - | BA64: 0 | BB64: 0 | BC64: =IF(BB64=0,"-",BA64/BB64) -> - | BD64: 0 | BE64: 0 | BF64: =IF(BE64=0,"-",BD64/BE64) -> - | BG64: 0 | BH64: 0 | BI64: =IF(BH64=0,"-",BG64/BH64) -> - | BJ64: 0 | BK64: 0 | BL64: =IF(BK64=0,"-",BJ64/BK64) -> - | BM64: =BJ64+BG64+BD64+BA64+AX64+AU64+AR64+AO64+AL64+K64+Q64+N64+H64+E64+AI64+AF64+AC64+Z64+W64+B64 -> 135 | BN64: =BK64+BH64+BE64+BB64+AY64+AV64+AS64+AP64+AM64+L64+R64+O64+I64+F64+AJ64+AG64+AD64+AA64+X64+C64 -> 21 | BO64: =IF(BN64=0,"",BM64/BN64) -> 6.4285714
A65: 45316 | B65: 47 | C65: 6 | D65: =IF(C65=0,"",B65/C65) -> 7.8333333 | E65: 0 | F65: 0 | G65: - | H65: 9 | I65: 1 | J65: =IF(I65=0,"",H65/I65) -> 9 | K65: 0 | L65: 0 | M65: - | N65: 82 | O65: 16 | P65: =IF(O65=0,"",N65/O65) -> 5.125 | Q65: 0 | R65: 0 | S65: - | T65: 0 | U65: 0 | V65: - | W65: 6 | X65: 1 | Y65: =IF(X65=0,"",W65/X65) -> 6 | Z65: 0 | AA65: 0 | AB65: =IF(AA65=0,"-",Z65/AA65) -> - | AC65: 0 | AD65: 0 | AE65: =IF(AD65=0,"-",AC65/AD65) -> - | AF65: 0 | AG65: 0 | AH65: =IF(AG65=0,"-",AF65/AG65) -> - | AI65: 0 | AJ65: 0 | AK65: =IF(AJ65=0,"-",AI65/AJ65) -> - | AL65: 7 | AM65: 1 | AN65: =IF(AM65=0,"",AL65/AM65) -> 7 | AO65: 0 | AP65: 0 | AQ65: =IF(AP65=0,"-",AO65/AP65) -> - | AR65: 0 | AS65: 0 | AT65: =IF(AS65=0,"-",AR65/AS65) -> - | AU65: 0 | AV65: 0 | AW65: =IF(AV65=0,"-",AU65/AV65) -> - | AX65: 0 | AY65: 0 | AZ65: =IF(AY65=0,"-",AX65/AY65) -> - | BA65: 24 | BB65: 3 | BC65: =IF(BB65=0,"",BA65/BB65) -> 8 | BD65: 0 | BE65: 0 | BF65: =IF(BE65=0,"-",BD65/BE65) -> - | BG65: 0 | BH65: 0 | BI65: =IF(BH65=0,"-",BG65/BH65) -> - | BJ65: 0 | BK65: 0 | BL65: =IF(BK65=0,"-",BJ65/BK65) -> - | BM65: =BJ65+BG65+BD65+BA65+AX65+AU65+AR65+AO65+AL65+K65+Q65+N65+H65+E65+AI65+AF65+AC65+Z65+W65+B65 -> 175 | BN65: =BK65+BH65+BE65+BB65+AY65+AV65+AS65+AP65+AM65+L65+R65+O65+I65+F65+AJ65+AG65+AD65+AA65+X65+C65 -> 28 | BO65: =IF(BN65=0,"",BM65/BN65) -> 6.25
A66: 45317 | B66: 24 | C66: 3 | D66: =IF(C66=0,"",B66/C66) -> 8 | E66: 0 | F66: 0 | G66: - | H66: 0 | I66: 0 | J66: - | K66: 0 | L66: 0 | M66: - | N66: 11 | O66: 2 | P66: =IF(O66=0,"",N66/O66) -> 5.5 | Q66: 0 | R66: 0 | S66: - | T66: 0 | U66: 0 | V66: - | W66: 0 | X66: 0 | Y66: - | Z66: 0 | AA66: 0 | AB66: - | AC66: 4 | AD66: 1 | AE66: - | AF66: 0 | AG66: 0 | AH66: - | AI66: 0 | AJ66: 0 | AK66: - | AL66: 43 | AM66: 6 | AN66: =IF(AM66=0,"",AL66/AM66) -> 7.1666667 | AO66: 0 | AP66: 0 | AQ66: =IF(AP66=0,"-",AO66/AP66) -> - | AR66: 0 | AS66: 0 | AT66: =IF(AS66=0,"-",AR66/AS66) -> - | AU66: 0 | AV66: 0 | AW66: =IF(AV66=0,"-",AU66/AV66) -> - | AX66: 0 | AY66: 0 | AZ66: =IF(AY66=0,"-",AX66/AY66) -> - | BA66: 8 | BB66: 1 | BC66: =IF(BB66=0,"",BA66/BB66) -> 8 | BD66: 0 | BE66: 0 | BF66: =IF(BE66=0,"-",BD66/BE66) -> - | BG66: 0 | BH66: 0 | BI66: =IF(BH66=0,"-",BG66/BH66) -> - | BJ66: 0 | BK66: 0 | BL66: =IF(BK66=0,"-",BJ66/BK66) -> - | BM66: =BJ66+BG66+BD66+BA66+AX66+AU66+AR66+AO66+AL66+K66+Q66+N66+H66+E66+AI66+AF66+AC66+Z66+W66+B66 -> 90 | BN66: =BK66+BH66+BE66+BB66+AY66+AV66+AS66+AP66+AM66+L66+R66+O66+I66+F66+AJ66+AG66+AD66+AA66+X66+C66 -> 13 | BO66: =IF(BN66=0,"",BM66/BN66) -> 6.9230769
A67: 45318 | B67: 0 | C67: 0 | D67: - | E67: 0 | F67: 0 | G67: - | H67: 0 | I67: 0 | J67: - | K67: 0 | L67: 0 | M67: - | N67: 0 | O67: 0 | P67: - | Q67: 0 | R67: 0 | S67: - | T67: 0 | U67: 0 | V67: - | W67: 0 | X67: 0 | Y67: - | Z67: 0 | AA67: 0 | AB67: - | AC67: 0 | AD67: 0 | AE67: - | AF67: 0 | AG67: 0 | AH67: - | AI67: 0 | AJ67: 0 | AK67: - | AL67: 42 | AM67: 6 | AN67: =IF(AM67=0,"",AL67/AM67) -> 7 | AO67: 0 | AP67: 0 | AQ67: =IF(AP67=0,"-",AO67/AP67) -> - | AR67: 0 | AS67: 0 | AT67: =IF(AS67=0,"-",AR67/AS67) -> - | AU67: 0 | AV67: 0 | AW67: =IF(AV67=0,"-",AU67/AV67) -> - | AX67: 0 | AY67: 0 | AZ67: =IF(AY67=0,"-",AX67/AY67) -> - | BA67: 6 | BB67: 1 | BC67: =IF(BB67=0,"",BA67/BB67) -> 6 | BD67: 0 | BE67: 0 | BF67: =IF(BE67=0,"-",BD67/BE67) -> - | BG67: 0 | BH67: 0 | BI67: =IF(BH67=0,"-",BG67/BH67) -> - | BJ67: 0 | BK67: 0 | BL67: =IF(BK67=0,"-",BJ67/BK67) -> - | BM67: =BJ67+BG67+BD67+BA67+AX67+AU67+AR67+AO67+AL67+K67+Q67+N67+H67+E67+AI67+AF67+AC67+Z67+W67+B67 -> 48 | BN67: =BK67+BH67+BE67+BB67+AY67+AV67+AS67+AP67+AM67+L67+R67+O67+I67+F67+AJ67+AG67+AD67+AA67+X67+C67 -> 7 | BO67: =IF(BN67=0,"",BM67/BN67) -> 6.8571429
A68: 45319 | B68: 6 | C68: 1 | D68: - | E68: 0 | F68: 0 | G68: - | H68: 0 | I68: 0 | J68: - | K68: 0 | L68: 0 | M68: - | N68: 0 | O68: 0 | P68: - | Q68: 0 | R68: 0 | S68: - | T68: 0 | U68: 0 | V68: - | W68: 0 | X68: 0 | Y68: - | Z68: 0 | AA68: 0 | AB68: - | AC68: 0 | AD68: 0 | AE68: - | AF68: 0 | AG68: 0 | AH68: - | AI68: 0 | AJ68: 0 | AK68: - | AL68: 42 | AM68: 6 | AN68: =IF(AM68=0,"",AL68/AM68) -> 7 | AO68: 7 | AP68: 1 | AQ68: =IF(AP68=0,"",AO68/AP68) -> 7 | AR68: 14 | AS68: 2 | AT68: =IF(AS68=0,"",AR68/AS68) -> 7 | AU68: 0 | AV68: 0 | AW68: =IF(AV68=0,"-",AU68/AV68) -> - | AX68: 0 | AY68: 0 | AZ68: =IF(AY68=0,"-",AX68/AY68) -> - | BA68: 0 | BB68: 0 | BC68: =IF(BB68=0,"-",BA68/BB68) -> - | BD68: 0 | BE68: 0 | BF68: =IF(BE68=0,"-",BD68/BE68) -> - | BG68: 0 | BH68: 0 | BI68: =IF(BH68=0,"-",BG68/BH68) -> - | BJ68: 0 | BK68: 0 | BL68: =IF(BK68=0,"-",BJ68/BK68) -> - | BM68: =BJ68+BG68+BD68+BA68+AX68+AU68+AR68+AO68+AL68+K68+Q68+N68+H68+E68+AI68+AF68+AC68+Z68+W68+B68 -> 69 | BN68: =BK68+BH68+BE68+BB68+AY68+AV68+AS68+AP68+AM68+L68+R68+O68+I68+F68+AJ68+AG68+AD68+AA68+X68+C68 -> 10 | BO68: =IF(BN68=0,"",BM68/BN68) -> 6.9
A69: 45320 | B69: 0 | C69: 0 | D69: - | E69: 0 | F69: 0 | G69: - | H69: 0 | I69: 0 | J69: - | K69: 0 | L69: 0 | M69: - | N69: 39 | O69: 8 | P69: =IF(O69=0,"",N69/O69) -> 4.875 | Q69: 0 | R69: 0 | S69: - | T69: 0 | U69: 0 | V69: - | W69: 0 | X69: 0 | Y69: - | Z69: 0 | AA69: 0 | AB69: - | AC69: 0 | AD69: 0 | AE69: - | AF69: 0 | AG69: 0 | AH69: - | AI69: 0 | AJ69: 0 | AK69: - | AL69: 15 | AM69: 2 | AN69: =IF(AM69=0,"",AL69/AM69) -> 7.5 | AO69: 0 | AP69: 0 | AQ69: =IF(AP69=0,"-",AO69/AP69) -> - | AR69: 7 | AS69: 1 | AT69: =IF(AS69=0,"",AR69/AS69) -> 7 | AU69: 0 | AV69: 0 | AW69: =IF(AV69=0,"-",AU69/AV69) -> - | AX69: 0 | AY69: 0 | AZ69: =IF(AY69=0,"-",AX69/AY69) -> - | BA69: 5 | BB69: 1 | BC69: =IF(BB69=0,"",BA69/BB69) -> 5 | BD69: 0 | BE69: 0 | BF69: =IF(BE69=0,"-",BD69/BE69) -> - | BG69: 0 | BH69: 0 | BI69: =IF(BH69=0,"-",BG69/BH69) -> - | BJ69: 0 | BK69: 0 | BL69: =IF(BK69=0,"-",BJ69/BK69) -> - | BM69: =BJ69+BG69+BD69+BA69+AX69+AU69+AR69+AO69+AL69+K69+Q69+N69+H69+E69+AI69+AF69+AC69+Z69+W69+B69 -> 66 | BN69: =BK69+BH69+BE69+BB69+AY69+AV69+AS69+AP69+AM69+L69+R69+O69+I69+F69+AJ69+AG69+AD69+AA69+X69+C69 -> 12 | BO69: =IF(BN69=0,"",BM69/BN69) -> 5.5
A70: 45321 | B70: 70 | C70: 9 | D70: =IF(C70=0,"",B70/C70) -> 7.7777778 | E70: 16 | F70: 2 | G70: =IF(F70=0,"",E70/F70) -> 8 | H70: 0 | I70: 0 | J70: - | K70: 24 | L70: 3 | M70: =IF(L70=0,"",K70/L70) -> 8 | N70: 42 | O70: 7 | P70: =IF(O70=0,"",N70/O70) -> 6 | Q70: 1 | R70: 1 | S70: =IF(R70=0,"",Q70/R70) -> 1 | T70: 0 | U70: 0 | V70: - | W70: 0 | X70: 0 | Y70: - | Z70: 0 | AA70: 0 | AB70: - | AC70: 0 | AD70: 0 | AE70: - | AF70: 0 | AG70: 0 | AH70: - | AI70: 0 | AJ70: 0 | AK70: - | AL70: 0 | AM70: 0 | AN70: - | AO70: 0 | AP70: 0 | AQ70: - | AR70: 0 | AS70: 0 | AT70: - | AU70: 0 | AV70: 0 | AW70: - | AX70: 0 | AY70: 0 | AZ70: - | BA70: 0 | BB70: 0 | BC70: - | BD70: 0 | BE70: 0 | BF70: - | BG70: 0 | BH70: 0 | BI70: - | BJ70: 0 | BK70: 0 | BL70: - | BM70: =BJ70+BG70+BD70+BA70+AX70+AU70+AR70+AO70+AL70+K70+Q70+N70+H70+E70+AI70+AF70+AC70+Z70+W70+B70 -> 153 | BN70: =BK70+BH70+BE70+BB70+AY70+AV70+AS70+AP70+AM70+L70+R70+O70+I70+F70+AJ70+AG70+AD70+AA70+X70+C70 -> 22 | BO70: =IF(BN70=0,"",BM70/BN70) -> 6.9545455
A71: 45322 | B71: 49 | C71: 6 | D71: =IF(C71=0,"",B71/C71) -> 8.1666667 | E71: 15 | F71: 2 | G71: =IF(F71=0,"",E71/F71) -> 7.5 | H71: 15 | I71: 2 | J71: =IF(I71=0,"",H71/I71) -> 7.5 | K71: 0 | L71: 0 | M71: - | N71: 43 | O71: 8 | P71: =IF(O71=0,"",N71/O71) -> 5.375 | Q71: 21 | R71: 4 | S71: =IF(R71=0,"",Q71/R71) -> 5.25 | T71: 6 | U71: 1 | V71: =IF(U71=0,"",T71/U71) -> 6 | W71: 0 | X71: 0 | Y71: - | Z71: 0 | AA71: 0 | AB71: - | AC71: 8 | AD71: 1 | AE71: =IF(AD71=0,"",AC71/AD71) -> 8 | AF71: 0 | AG71: 0 | AH71: - | AI71: 0 | AJ71: 0 | AK71: - | AL71: 38 | AM71: 5 | AN71: =IF(AM71=0,"",AL71/AM71) -> 7.6 | AO71: 0 | AP71: 0 | AQ71: - | AR71: 0 | AS71: 0 | AT71: - | AU71: 0 | AV71: 0 | AW71: - | AX71: 0 | AY71: 0 | AZ71: - | BA71: 0 | BB71: 0 | BC71: - | BD71: 0 | BE71: 0 | BF71: - | BG71: 0 | BH71: 0 | BI71: - | BJ71: 0 | BK71: 0 | BL71: - | BM71: =BJ71+BG71+BD71+BA71+AX71+AU71+AR71+AO71+AL71+K71+Q71+N71+H71+E71+AI71+AF71+AC71+Z71+W71+B71 -> 189 | BN71: =BK71+BH71+BE71+BB71+AY71+AV71+AS71+AP71+AM71+L71+R71+O71+I71+F71+AJ71+AG71+AD71+AA71+X71+C71 -> 28 | BO71: =IF(BN71=0,"",BM71/BN71) -> 6.75
A72: Total | B72: =SUM(B41:B71) -> 1173 | C72: =SUM(C41:C71) -> 141 | D72: =B72/C72 -> 8.3191489 | E72: =SUM(E41:E71) -> 116 | F72: =SUM(F41:F71) -> 17 | G72: =E72/F72 -> 6.8235294 | H72: =SUM(H41:H71) -> 130 | I72: =SUM(I41:I71) -> 17 | J72: =H72/I72 -> 7.6470588 | K72: =SUM(K41:K70) -> 30 | L72: =SUM(L41:L70) -> 5 | M72: =K72/L72 -> 6 | N72: =SUM(N41:N71) -> 1025 | O72: =SUM(O41:O71) -> 183 | P72: =N72/O72 -> 5.6010929 | Q72: =SUM(Q41:Q71) -> 4545 | R72: =SUM(R41:R71) -> 701 | S72: =Q72/R72 -> 6.4835949 | T72: =SUM(T41:T71) -> 36 | U72: =SUM(U41:U71) -> 6 | V72: =T72/U72 -> 6 | W72: =SUM(W41:W70) -> 57 | X72: =SUM(X41:X70) -> 9 | Y72: =W72/X72 -> 6.3333333 | Z72: =SUM(Z41:Z70) -> 0 | AA72: =SUM(AA41:AA70) -> 0 | AB72: =Z72/AA72 -> #DIV/0! | AC72: =SUM(AC41:AC71) -> 27 | AD72: =SUM(AD41:AD71) -> 7 | AE72: =AC72/AD72 -> 3.8571429 | AF72: =SUM(AF41:AF70) -> 0 | AG72: =SUM(AG41:AG70) -> 0 | AH72: =AF72/AG72 -> #DIV/0! | AI72: =SUM(AI41:AI70) -> 47 | AJ72: =SUM(AJ41:AJ70) -> 10 | AK72: =AI72/AJ72 -> 4.7 | AL72: =SUM(AL41:AL71) -> 486 | AM72: =SUM(AM41:AM71) -> 69 | AN72: =AL72/AM72 -> 7.0434783 | AO72: =SUM(AO41:AO70) -> 50 | AP72: =SUM(AP41:AP70) -> 7 | AQ72: =AO72/AP72 -> 7.1428571 | AR72: =SUM(AR41:AR70) -> 136 | AS72: =SUM(AS41:AS70) -> 19 | AT72: =AR72/AS72 -> 7.1578947 | AU72: =SUM(AU41:AU70) -> 35 | AV72: =SUM(AV41:AV70) -> 5 | AW72: =AU72/AV72 -> 7 | AX72: =SUM(AX41:AX70) -> 0 | AY72: =SUM(AY41:AY70) -> 0 | AZ72: =IF(AY72=0,"-",AX72/AY72) -> - | BA72: =SUM(BA41:BA70) -> 209 | BB72: =SUM(BB41:BB70) -> 30 | BC72: =BA72/BB72 -> 6.9666667 | BD72: =SUM(BD41:BD70) -> 0 | BE72: =SUM(BE41:BE70) -> 0 | BF72: =IF(BE72=0,"-",BD72/BE72) -> - | BG72: =SUM(BG41:BG70) -> 1 | BH72: =SUM(BH41:BH70) -> 1 | BI72: =IF(BH72=0,"-",BG72/BH72) -> 1 | BJ72: =SUM(BJ41:BJ70) -> 0 | BK72: =SUM(BK41:BK70) -> 0 | BL72: =IF(BK72=0,"-",BJ72/BK72) -> - | BM72: =SUM(BM41:BM70) -> 7878 | BN72: =BK72+BH72+BE72+BB72+AY72+AV72+AS72+AP72+AM72+L72+R72+O72+I72+F72+AJ72+AG72+AD72+AA72+X72+C72 -> 1221 | BO72: =IF(BN72=0,"",BM72/BN72) -> 6.4520885
A74: PAYLOAD REPORT BY ROUTE AND MONTH FEB 2024
C75: Aversen | F75: Aversen | I75: Aversen | L75: Aversen | O75: Jerome | R75: Jerome | U75: Jerome | X75: Ansar | AA75: Ansar | AD75: Ansar | AG75: Ansar | AJ75: Ansar | AM75: Brent | AP75: Brent | AS75: Brent | AV75: Brent | AY75: Brent | BB75: Sune | BE75: Sune | BH75: Sune | BK75: Sune | BM75: Total vehicles
B76: Route Kzn - Western Cape | E76: Route Kzn - Northern Cape | H76: Route Kzn - Gauteng | K76: Route Kzn - Other | N76: Route Kzn - Kzn Dealer | Q76: Route DCT - VDC / Other S/Yard | T76: Route KZN - Maputo TTAF/Other | W76: Route Western Cape to PE | Z76: Route Western Cape to EL | AC76: Route Western Cape to Kzn | AF76: Route Western Cape to GP | AI76: Route Western Cape to Other | AL76: Route EC - Kzn | AO76: Route EC - Western Cape | AR76: Route EC - Gauteng | AU76: Route EC- Freestate | AX76: Route EC - Maputo | BA76: Route Gauteng - Kzn | BD76: Route Gauteng - Eastern Cape | BG76: Route Gauteng - Western Cape | BJ76: Route Gauteng - Other | BM76: TOTALS
A77: DAY DATE | B77: Total vehicles | C77: Total Carriers | D77: Payload | E77: Total vehicles | F77: Total Carriers | G77: Payload | H77: Total vehicles | I77: Total Carriers | J77: Payload | K77: Total vehicles | L77: Total Carriers | M77: Payload | N77: Total vehicles | O77: Total Carriers | P77: Payload | Q77: Total vehicles | R77: Total Carriers | S77: Payload | T77: Total vehicles | U77: Total Carriers | V77: Payload | W77: Total vehicles | X77: Total Carriers | Y77: Payload | Z77: Total vehicles | AA77: Total Carriers | AB77: Payload | AC77: Total vehicles | AD77: Total Carriers | AE77: Payload | AF77: Total vehicles | AG77: Total Carriers | AH77: Payload | AI77: Total vehicles | AJ77: Total Carriers | AK77: Payload | AL77: Total vehicles | AM77: Total Carriers | AN77: Payload | AO77: Total vehicles | AP77: Total Carriers | AQ77: Payload | AR77: Total vehicles | AS77: Total Carriers | AT77: Payload | AU77: Total vehicles | AV77: Total Carriers | AW77: Payload | AX77: Total vehicles | AY77: Total Carriers | AZ77: Payload | BA77: Total vehicles | BB77: Total Carriers | BC77: Payload | BD77: Total vehicles | BE77: Total Carriers | BF77: Payload | BG77: Total vehicles | BH77: Total Carriers | BI77: Payload | BJ77: Total vehicles | BK77: Total Carriers | BL77: Payload | BM77: Total vehicles | BN77: Total Carriers | BO77: Payload
A78: 45323 | B78: 68 | C78: 8 | D78: =IF(C78=0,"",B78/C78) -> 8.5 | E78: 8 | F78: 1 | G78: =IF(F78=0,"",E78/F78) -> 8 | H78: 18 | I78: 2 | J78: =IF(I78=0,"",H78/I78) -> 9 | K78: 0 | L78: 0 | M78: =IF(L78=0,"-",K78/L78) -> - | N78: 15 | O78: 3 | P78: =IF(O78=0,"",N78/O78) -> 5 | Q78: 386 | R78: 61 | S78: =IF(R78=0,"",Q78/R78) -> 6.3278689 | T78: 0 | U78: 0 | V78: =IF(U78=0,"-",T78/U78) -> - | W78: 1 | X78: 1 | Y78: =IF(X78=0,"-",W78/X78) -> 1 | Z78: 0 | AA78: 0 | AB78: =IF(AA78=0,"-",Z78/AA78) -> - | AC78: 0 | AD78: 0 | AE78: =IF(AD78=0,"-",AC78/AD78) -> - | AF78: 0 | AG78: 0 | AH78: =IF(AG78=0,"-",AF78/AG78) -> - | AI78: 0 | AJ78: 0 | AK78: =IF(AJ78=0,"-",AI78/AJ78) -> - | AL78: 0 | AM78: 0 | AN78: =IF(AM78=0,"-",AL78/AM78) -> - | AO78: 0 | AP78: 0 | AQ78: =IF(AP78=0,"-",AO78/AP78) -> - | AR78: 0 | AS78: 0 | AT78: =IF(AS78=0,"-",AR78/AS78) -> - | AU78: 7 | AV78: 1 | AW78: =IF(AV78=0,"",AU78/AV78) -> 7 | AX78: 0 | AY78: 0 | AZ78: =IF(AY78=0,"-",AX78/AY78) -> - | BA78: 8 | BB78: 1 | BC78: =IF(BB78=0,"-",BA78/BB78) -> 8 | BD78: 0 | BE78: 0 | BF78: =IF(BE78=0,"-",BD78/BE78) -> - | BG78: 0 | BH78: 0 | BI78: =IF(BH78=0,"-",BG78/BH78) -> - | BJ78: 0 | BK78: 0 | BL78: =IF(BK78=0,"-",BJ78/BK78) -> - | BM78: =BJ78+BG78+BD78+BA78+AX78+AU78+AR78+AO78+AL78+K78+Q78+N78+H78+E78+AI78+AF78+AC78+Z78+W78+B78 -> 511 | BN78: =BK78+BH78+BE78+BB78+AY78+AV78+AS78+AP78+AM78+L78+R78+O78+I78+F78+AJ78+AG78+AD78+AA78+X78+C78 -> 78 | BO78: =IF(BN78=0,"",BM78/BN78) -> 6.5512821
A79: 45324 | B79: 40 | C79: 4 | D79: =IF(C79=0,"",B79/C79) -> 10 | E79: 0 | F79: 0 | G79: =IF(F79=0,"-",E79/F79) -> - | H79: 0 | I79: 0 | J79: =IF(I79=0,"-",H79/I79) -> - | K79: 0 | L79: 0 | M79: =IF(L79=0,"-",K79/L79) -> - | N79: 53 | O79: 10 | P79: =IF(O79=0,"",N79/O79) -> 5.3 | Q79: 391 | R79: 64 | S79: =IF(R79=0,"-",Q79/R79) -> 6.109375 | T79: 0 | U79: 0 | V79: =IF(U79=0,"-",T79/U79) -> - | W79: 0 | X79: 0 | Y79: =IF(X79=0,"-",W79/X79) -> - | Z79: 0 | AA79: 0 | AB79: =IF(AA79=0,"-",Z79/AA79) -> - | AC79: 0 | AD79: 0 | AE79: =IF(AD79=0,"-",AC79/AD79) -> - | AF79: 0 | AG79: 0 | AH79: =IF(AG79=0,"-",AF79/AG79) -> - | AI79: 0 | AJ79: 0 | AK79: =IF(AJ79=0,"-",AI79/AJ79) -> - | AL79: 44 | AM79: 6 | AN79: =IF(AM79=0,"",AL79/AM79) -> 7.3333333 | AO79: 0 | AP79: 0 | AQ79: =IF(AP79=0,"-",AO79/AP79) -> - | AR79: 0 | AS79: 0 | AT79: =IF(AS79=0,"-",AR79/AS79) -> - | AU79: 0 | AV79: 0 | AW79: =IF(AV79=0,"-",AU79/AV79) -> - | AX79: 0 | AY79: 0 | AZ79: =IF(AY79=0,"-",AX79/AY79) -> - | BA79: 7 | BB79: 1 | BC79: =IF(BB79=0,"",BA79/BB79) -> 7 | BD79: 0 | BE79: 0 | BF79: =IF(BE79=0,"-",BD79/BE79) -> - | BG79: 0 | BH79: 0 | BI79: =IF(BH79=0,"-",BG79/BH79) -> - | BJ79: 0 | BK79: 0 | BL79: =IF(BK79=0,"-",BJ79/BK79) -> - | BM79: =BJ79+BG79+BD79+BA79+AX79+AU79+AR79+AO79+AL79+K79+Q79+N79+H79+E79+AI79+AF79+AC79+Z79+W79+B79 -> 535 | BN79: =BK79+BH79+BE79+BB79+AY79+AV79+AS79+AP79+AM79+L79+R79+O79+I79+F79+AJ79+AG79+AD79+AA79+X79+C79 -> 85 | BO79: =IF(BN79=0,"",BM79/BN79) -> 6.2941176
A80: 45325 | B80: 117 | C80: 12 | D80: =IF(C80=0,"",B80/C80) -> 9.75 | E80: 0 | F80: 0 | G80: =IF(F80=0,"-",E80/F80) -> - | H80: 0 | I80: 0 | J80: =IF(I80=0,"-",H80/I80) -> - | K80: 0 | L80: 0 | M80: =IF(L80=0,"-",K80/L80) -> - | N80: 50 | O80: 9 | P80: =IF(O80=0,"",N80/O80) -> 5.5555556 | Q80: 243 | R80: 40 | S80: =IF(R80=0,"-",Q80/R80) -> 6.075 | T80: 0 | U80: 0 | V80: =IF(U80=0,"-",T80/U80) -> - | W80: 0 | X80: 0 | Y80: =IF(X80=0,"-",W80/X80) -> - | Z80: 0 | AA80: 0 | AB80: =IF(AA80=0,"-",Z80/AA80) -> - | AC80: 2 | AD80: 1 | AE80: =IF(AD80=0,"",AC80/AD80) -> 2 | AF80: 0 | AG80: 0 | AH80: =IF(AG80=0,"-",AF80/AG80) -> - | AI80: 0 | AJ80: 0 | AK80: =IF(AJ80=0,"-",AI80/AJ80) -> - | AL80: 37 | AM80: 5 | AN80: =IF(AM80=0,"",AL80/AM80) -> 7.4 | AO80: 0 | AP80: 0 | AQ80: =IF(AP80=0,"-",AO80/AP80) -> - | AR80: 0 | AS80: 0 | AT80: =IF(AS80=0,"-",AR80/AS80) -> - | AU80: 0 | AV80: 0 | AW80: =IF(AV80=0,"-",AU80/AV80) -> - | AX80: 0 | AY80: 0 | AZ80: =IF(AY80=0,"-",AX80/AY80) -> - | BA80: 6 | BB80: 1 | BC80: =IF(BB80=0,"",BA80/BB80) -> 6 | BD80: 0 | BE80: 0 | BF80: =IF(BE80=0,"-",BD80/BE80) -> - | BG80: 0 | BH80: 0 | BI80: =IF(BH80=0,"-",BG80/BH80) -> - | BJ80: 0 | BK80: 0 | BL80: =IF(BK80=0,"-",BJ80/BK80) -> - | BM80: =BJ80+BG80+BD80+BA80+AX80+AU80+AR80+AO80+AL80+K80+Q80+N80+H80+E80+AI80+AF80+AC80+Z80+W80+B80 -> 455 | BN80: =BK80+BH80+BE80+BB80+AY80+AV80+AS80+AP80+AM80+L80+R80+O80+I80+F80+AJ80+AG80+AD80+AA80+X80+C80 -> 68 | BO80: =IF(BN80=0,"",BM80/BN80) -> 6.6911765
A81: 45326 | B81: 27 | C81: 3 | D81: =IF(C81=0,"",B81/C81) -> 9 | E81: 0 | F81: 0 | G81: =IF(F81=0,"-",E81/F81) -> - | H81: 0 | I81: 0 | J81: =IF(I81=0,"-",H81/I81) -> - | K81: 6 | L81: 1 | M81: =IF(L81=0,"",K81/L81) -> 6 | N81: 0 | O81: 0 | P81: =IF(O81=0,"-",N81/O81) -> - | Q81: 8 | R81: 1 | S81: =IF(R81=0,"-",Q81/R81) -> 8 | T81: 0 | U81: 0 | V81: =IF(U81=0,"-",T81/U81) -> - | W81: 0 | X81: 0 | Y81: =IF(X81=0,"-",W81/X81) -> - | Z81: 0 | AA81: 0 | AB81: =IF(AA81=0,"-",Z81/AA81) -> - | AC81: 0 | AD81: 0 | AE81: =IF(AD81=0,"-",AC81/AD81) -> - | AF81: 0 | AG81: 0 | AH81: =IF(AG81=0,"-",AF81/AG81) -> - | AI81: 0 | AJ81: 0 | AK81: =IF(AJ81=0,"-",AI81/AJ81) -> - | AL81: 36 | AM81: 5 | AN81: =IF(AM81=0,"",AL81/AM81) -> 7.2 | AO81: 0 | AP81: 0 | AQ81: =IF(AP81=0,"-",AO81/AP81) -> - | AR81: 0 | AS81: 0 | AT81: =IF(AS81=0,"-",AR81/AS81) -> - | AU81: 7 | AV81: 1 | AW81: =IF(AV81=0,"-",AU81/AV81) -> 7 | AX81: 0 | AY81: 0 | AZ81: =IF(AY81=0,"-",AX81/AY81) -> - | BA81: 0 | BB81: 0 | BC81: =IF(BB81=0,"-",BA81/BB81) -> - | BD81: 0 | BE81: 0 | BF81: =IF(BE81=0,"-",BD81/BE81) -> - | BG81: 0 | BH81: 0 | BI81: =IF(BH81=0,"-",BG81/BH81) -> - | BJ81: 0 | BK81: 0 | BL81: =IF(BK81=0,"-",BJ81/BK81) -> - | BM81: =BJ81+BG81+BD81+BA81+AX81+AU81+AR81+AO81+AL81+K81+Q81+N81+H81+E81+AI81+AF81+AC81+Z81+W81+B81 -> 84 | BN81: =BK81+BH81+BE81+BB81+AY81+AV81+AS81+AP81+AM81+L81+R81+O81+I81+F81+AJ81+AG81+AD81+AA81+X81+C81 -> 11 | BO81: =IF(BN81=0,"",BM81/BN81) -> 7.6363636
A82: 45327 | B82: 110 | C82: 12 | D82: =IF(C82=0,"",B82/C82) -> 9.1666667 | E82: 0 | F82: 0 | G82: =IF(F82=0,"-",E82/F82) -> - | H82: 0 | I82: 0 | J82: =IF(I82=0,"-",H82/I82) -> - | K82: 0 | L82: 0 | M82: =IF(L82=0,"-",K82/L82) -> - | N82: 66 | O82: 11 | P82: =IF(O82=0,"",N82/O82) -> 6 | Q82: 24 | R82: 4 | S82: =IF(R82=0,"",Q82/R82) -> 6 | T82: 0 | U82: 0 | V82: =IF(U82=0,"-",T82/U82) -> - | W82: 0 | X82: 0 | Y82: =IF(X82=0,"-",W82/X82) -> - | Z82: 0 | AA82: 0 | AB82: =IF(AA82=0,"-",Z82/AA82) -> - | AC82: 0 | AD82: 0 | AE82: =IF(AD82=0,"-",AC82/AD82) -> - | AF82: 0 | AG82: 0 | AH82: =IF(AG82=0,"-",AF82/AG82) -> - | AI82: 0 | AJ82: 0 | AK82: =IF(AJ82=0,"-",AI82/AJ82) -> - | AL82: 6 | AM82: 1 | AN82: =IF(AM82=0,"",AL82/AM82) -> 6 | AO82: 0 | AP82: 0 | AQ82: =IF(AP82=0,"-",AO82/AP82) -> - | AR82: 0 | AS82: 0 | AT82: =IF(AS82=0,"-",AR82/AS82) -> - | AU82: 7 | AV82: 1 | AW82: =IF(AV82=0,"",AU82/AV82) -> 7 | AX82: 0 | AY82: 0 | AZ82: =IF(AY82=0,"-",AX82/AY82) -> - | BA82: 6 | BB82: 1 | BC82: =IF(BB82=0,"",BA82/BB82) -> 6 | BD82: 0 | BE82: 0 | BF82: =IF(BE82=0,"-",BD82/BE82) -> - | BG82: 0 | BH82: 0 | BI82: =IF(BH82=0,"-",BG82/BH82) -> - | BJ82: 0 | BK82: 0 | BL82: =IF(BK82=0,"-",BJ82/BK82) -> - | BM82: =BJ82+BG82+BD82+BA82+AX82+AU82+AR82+AO82+AL82+K82+Q82+N82+H82+E82+AI82+AF82+AC82+Z82+W82+B82 -> 219 | BN82: =BK82+BH82+BE82+BB82+AY82+AV82+AS82+AP82+AM82+L82+R82+O82+I82+F82+AJ82+AG82+AD82+AA82+X82+C82 -> 30 | BO82: =IF(BN82=0,"",BM82/BN82) -> 7.3
A83: 45328 | B83: 79 | C83: 9 | D83: =IF(C83=0,"",B83/C83) -> 8.7777778 | E83: 17 | F83: 2 | G83: =IF(F83=0,"",E83/F83) -> 8.5 | H83: 0 | I83: 0 | J83: =IF(I83=0,"-",H83/I83) -> - | K83: 0 | L83: 0 | M83: =IF(L83=0,"-",K83/L83) -> - | N83: 48 | O83: 8 | P83: =IF(O83=0,"",N83/O83) -> 6 | Q83: 432 | R83: 67 | S83: =IF(R83=0,"",Q83/R83) -> 6.4477612 | T83: 20 | U83: 4 | V83: =IF(U83=0,"",T83/U83) -> 5 | W83: 6 | X83: 1 | Y83: =IF(X83=0,"",W83/X83) -> 6 | Z83: 0 | AA83: 0 | AB83: =IF(AA83=0,"-",Z83/AA83) -> - | AC83: 0 | AD83: 0 | AE83: =IF(AD83=0,"-",AC83/AD83) -> - | AF83: 0 | AG83: 0 | AH83: =IF(AG83=0,"-",AF83/AG83) -> - | AI83: 0 | AJ83: 0 | AK83: =IF(AJ83=0,"-",AI83/AJ83) -> - | AL83: 71 | AM83: 10 | AN83: =IF(AM83=0,"",AL83/AM83) -> 7.1 | AO83: 0 | AP83: 0 | AQ83: =IF(AP83=0,"-",AO83/AP83) -> - | AR83: 0 | AS83: 0 | AT83: =IF(AS83=0,"-",AR83/AS83) -> - | AU83: 0 | AV83: 0 | AW83: =IF(AV83=0,"-",AU83/AV83) -> - | AX83: 0 | AY83: 0 | AZ83: =IF(AY83=0,"-",AX83/AY83) -> - | BA83: 7 | BB83: 1 | BC83: =IF(BB83=0,"",BA83/BB83) -> 7 | BD83: 0 | BE83: 0 | BF83: =IF(BE83=0,"-",BD83/BE83) -> - | BG83: 0 | BH83: 0 | BI83: =IF(BH83=0,"-",BG83/BH83) -> - | BJ83: 0 | BK83: 0 | BL83: =IF(BK83=0,"-",BJ83/BK83) -> - | BM83: =BJ83+BG83+BD83+BA83+AX83+AU83+AR83+AO83+AL83+K83+Q83+N83+H83+E83+AI83+AF83+AC83+Z83+W83+B83 -> 660 | BN83: =BK83+BH83+BE83+BB83+AY83+AV83+AS83+AP83+AM83+L83+R83+O83+I83+F83+AJ83+AG83+AD83+AA83+X83+C83 -> 98 | BO83: =IF(BN83=0,"",BM83/BN83) -> 6.7346939
A84: 45329 | B84: 63 | C84: 7 | D84: =IF(C84=0,"",B84/C84) -> 9 | E84: 29 | F84: 6 | G84: =IF(F84=0,"",E84/F84) -> 4.8333333 | H84: 0 | I84: 0 | J84: =IF(I84=0,"-",H84/I84) -> - | K84: 0 | L84: 0 | M84: =IF(L84=0,"-",K84/L84) -> - | N84: 61 | O84: 11 | P84: =IF(O84=0,"",N84/O84) -> 5.5454545 | Q84: 126 | R84: 18 | S84: =IF(R84=0,"",Q84/R84) -> 7 | T84: 0 | U84: 0 | V84: 0 | W84: 3 | X84: 1 | Y84: =IF(X84=0,"",W84/X84) -> 3 | Z84: 0 | AA84: 0 | AB84: =IF(AA84=0,"-",Z84/AA84) -> - | AC84: 1 | AD84: 1 | AE84: =IF(AD84=0,"",AC84/AD84) -> 1 | AF84: 0 | AG84: 0 | AH84: =IF(AG84=0,"-",AF84/AG84) -> - | AI84: 0 | AJ84: 0 | AK84: =IF(AJ84=0,"-",AI84/AJ84) -> - | AL84: 14 | AM84: 2 | AN84: =IF(AM84=0,"",AL84/AM84) -> 7 | AO84: 0 | AP84: 0 | AQ84: =IF(AP84=0,"-",AO84/AP84) -> - | AR84: 0 | AS84: 0 | AT84: =IF(AS84=0,"-",AR84/AS84) -> - | AU84: 7 | AV84: 1 | AW84: =IF(AV84=0,"",AU84/AV84) -> 7 | AX84: 0 | AY84: 0 | AZ84: =IF(AY84=0,"-",AX84/AY84) -> - | BA84: 0 | BB84: 0 | BC84: =IF(BB84=0,"-",BA84/BB84) -> - | BD84: 0 | BE84: 0 | BF84: =IF(BE84=0,"-",BD84/BE84) -> - | BG84: 0 | BH84: 0 | BI84: =IF(BH84=0,"-",BG84/BH84) -> - | BJ84: 0 | BK84: 0 | BL84: =IF(BK84=0,"-",BJ84/BK84) -> - | BM84: =BJ84+BG84+BD84+BA84+AX84+AU84+AR84+AO84+AL84+K84+Q84+N84+H84+E84+AI84+AF84+AC84+Z84+W84+B84 -> 304 | BN84: =BK84+BH84+BE84+BB84+AY84+AV84+AS84+AP84+AM84+L84+R84+O84+I84+F84+AJ84+AG84+AD84+AA84+X84+C84 -> 47 | BO84: =IF(BN84=0,"",BM84/BN84) -> 6.4680851
A85: 45330 | B85: 109 | C85: 13 | D85: =IF(C85=0,"",B85/C85) -> 8.3846154 | E85: 6 | F85: 1 | G85: =IF(F85=0,"",E85/F85) -> 6 | H85: 0 | I85: 0 | J85: =IF(I85=0,"-",H85/I85) -> - | K85: 0 | L85: 0 | M85: =IF(L85=0,"-",K85/L85) -> - | N85: 43 | O85: 8 | P85: =IF(O85=0,"",N85/O85) -> 5.375 | Q85: 0 | R85: 0 | S85: =IF(R85=0,"-",Q85/R85) -> - | T85: 48 | U85: 8 | V85: =IF(U85=0,"",T85/U85) -> 6 | W85: 3 | X85: 1 | Y85: =IF(X85=0,"",W85/X85) -> 3 | Z85: 0 | AA85: 0 | AB85: =IF(AA85=0,"-",Z85/AA85) -> - | AC85: 1 | AD85: 1 | AE85: =IF(AD85=0,"",AC85/AD85) -> 1 | AF85: 0 | AG85: 0 | AH85: =IF(AG85=0,"-",AF85/AG85) -> - | AI85: 0 | AJ85: 0 | AK85: =IF(AJ85=0,"-",AI85/AJ85) -> - | AL85: 0 | AM85: 0 | AN85: =IF(AM85=0,"-",AL85/AM85) -> - | AO85: 0 | AP85: 0 | AQ85: =IF(AP85=0,"-",AO85/AP85) -> - | AR85: 0 | AS85: 0 | AT85: =IF(AS85=0,"-",AR85/AS85) -> - | AU85: 0 | AV85: 0 | AW85: =IF(AV85=0,"-",AU85/AV85) -> - | AX85: 0 | AY85: 0 | AZ85: =IF(AY85=0,"-",AX85/AY85) -> - | BA85: 0 | BB85: 0 | BC85: =IF(BB85=0,"-",BA85/BB85) -> - | BD85: 0 | BE85: 0 | BF85: =IF(BE85=0,"-",BD85/BE85) -> - | BG85: 0 | BH85: 0 | BI85: =IF(BH85=0,"-",BG85/BH85) -> - | BJ85: 0 | BK85: 0 | BL85: =IF(BK85=0,"-",BJ85/BK85) -> - | BM85: =BJ85+BG85+BD85+BA85+AX85+AU85+AR85+AO85+AL85+K85+Q85+N85+H85+E85+AI85+AF85+AC85+Z85+W85+B85 -> 162 | BN85: =BK85+BH85+BE85+BB85+AY85+AV85+AS85+AP85+AM85+L85+R85+O85+I85+F85+AJ85+AG85+AD85+AA85+X85+C85 -> 24 | BO85: =IF(BN85=0,"",BM85/BN85) -> 6.75
A86: 45331 | B86: 65 | C86: 11 | D86: =IF(C86=0,"",B86/C86) -> 5.9090909 | E86: 7 | F86: 1 | G86: =IF(F86=0,"",E86/F86) -> 7 | H86: 0 | I86: 0 | J86: =IF(I86=0,"-",H86/I86) -> - | K86: 0 | L86: 0 | M86: =IF(L86=0,"-",K86/L86) -> - | N86: 36 | O86: 7 | P86: =IF(O86=0,"",N86/O86) -> 5.1428571 | Q86: 48 | R86: 9 | S86: =IF(R86=0,"",Q86/R86) -> 5.3333333 | T86: 0 | U86: 0 | V86: 0 | W86: 0 | X86: 0 | Y86: =IF(X86=0,"-",W86/X86) -> - | Z86: 0 | AA86: 0 | AB86: =IF(AA86=0,"-",Z86/AA86) -> - | AC86: 7 | AD86: 1 | AE86: =IF(AD86=0,"",AC86/AD86) -> 7 | AF86: 0 | AG86: 0 | AH86: =IF(AG86=0,"-",AF86/AG86) -> - | AI86: 0 | AJ86: 0 | AK86: =IF(AJ86=0,"-",AI86/AJ86) -> - | AL86: 7 | AM86: 1 | AN86: =IF(AM86=0,"",AL86/AM86) -> 7 | AO86: 0 | AP86: 0 | AQ86: =IF(AP86=0,"-",AO86/AP86) -> - | AR86: 0 | AS86: 0 | AT86: =IF(AS86=0,"-",AR86/AS86) -> - | AU86: 0 | AV86: 0 | AW86: =IF(AV86=0,"-",AU86/AV86) -> - | AX86: 0 | AY86: 0 | AZ86: =IF(AY86=0,"-",AX86/AY86) -> - | BA86: 5 | BB86: 1 | BC86: =IF(BB86=0,"",BA86/BB86) -> 5 | BD86: 0 | BE86: 0 | BF86: =IF(BE86=0,"-",BD86/BE86) -> - | BG86: 0 | BH86: 0 | BI86: =IF(BH86=0,"-",BG86/BH86) -> - | BJ86: 0 | BK86: 0 | BL86: =IF(BK86=0,"-",BJ86/BK86) -> - | BM86: =BJ86+BG86+BD86+BA86+AX86+AU86+AR86+AO86+AL86+K86+Q86+N86+H86+E86+AI86+AF86+AC86+Z86+W86+B86 -> 175 | BN86: =BK86+BH86+BE86+BB86+AY86+AV86+AS86+AP86+AM86+L86+R86+O86+I86+F86+AJ86+AG86+AD86+AA86+X86+C86 -> 31 | BO86: =IF(BN86=0,"",BM86/BN86) -> 5.6451613
A87: 45332 | B87: 26 | C87: 6 | D87: =IF(C87=0,"",B87/C87) -> 4.3333333 | E87: 0 | F87: 0 | G87: =IF(F87=0,"-",E87/F87) -> - | H87: 0 | I87: 0 | J87: =IF(I87=0,"-",H87/I87) -> - | K87: 0 | L87: 0 | M87: =IF(L87=0,"-",K87/L87) -> - | N87: 5 | O87: 1 | P87: =IF(O87=0,"",N87/O87) -> 5 | Q87: 0 | R87: 0 | S87: =IF(R87=0,"-",Q87/R87) -> - | T87: 0 | U87: 0 | V87: =IF(U87=0,"-",T87/U87) -> - | W87: 0 | X87: 0 | Y87: =IF(X87=0,"-",W87/X87) -> - | Z87: 0 | AA87: 0 | AB87: =IF(AA87=0,"-",Z87/AA87) -> - | AC87: 0 | AD87: 0 | AE87: =IF(AD87=0,"-",AC87/AD87) -> - | AF87: 0 | AG87: 0 | AH87: =IF(AG87=0,"-",AF87/AG87) -> - | AI87: 0 | AJ87: 0 | AK87: =IF(AJ87=0,"-",AI87/AJ87) -> - | AL87: 7 | AM87: 1 | AN87: =IF(AM87=0,"",AL87/AM87) -> 7 | AO87: 0 | AP87: 0 | AQ87: =IF(AP87=0,"-",AO87/AP87) -> - | AR87: 0 | AS87: 0 | AT87: =IF(AS87=0,"-",AR87/AS87) -> - | AU87: 0 | AV87: 0 | AW87: =IF(AV87=0,"-",AU87/AV87) -> - | AX87: 0 | AY87: 0 | AZ87: =IF(AY87=0,"-",AX87/AY87) -> - | BA87: 0 | BB87: 0 | BC87: =IF(BB87=0,"-",BA87/BB87) -> - | BD87: 0 | BE87: 0 | BF87: =IF(BE87=0,"-",BD87/BE87) -> - | BG87: 0 | BH87: 0 | BI87: =IF(BH87=0,"-",BG87/BH87) -> - | BJ87: 0 | BK87: 0 | BL87: =IF(BK87=0,"-",BJ87/BK87) -> - | BM87: =BJ87+BG87+BD87+BA87+AX87+AU87+AR87+AO87+AL87+K87+Q87+N87+H87+E87+AI87+AF87+AC87+Z87+W87+B87 -> 38 | BN87: =BK87+BH87+BE87+BB87+AY87+AV87+AS87+AP87+AM87+L87+R87+O87+I87+F87+AJ87+AG87+AD87+AA87+X87+C87 -> 8 | BO87: =IF(BN87=0,"",BM87/BN87) -> 4.75
A88: 45333 | B88: 37 | C88: 6 | D88: =IF(C88=0,"",B88/C88) -> 6.1666667 | E88: 8 | F88: 1 | G88: =IF(F88=0,"",E88/F88) -> 8 | H88: 0 | I88: 0 | J88: =IF(I88=0,"-",H88/I88) -> - | K88: 0 | L88: 0 | M88: =IF(L88=0,"-",K88/L88) -> - | N88: 0 | O88: 0 | P88: =IF(O88=0,"-",N88/O88) -> - | Q88: 0 | R88: 0 | S88: =IF(R88=0,"-",Q88/R88) -> - | T88: 6 | U88: 1 | V88: =IF(U88=0,"",T88/U88) -> 6 | W88: 0 | X88: 0 | Y88: =IF(X88=0,"-",W88/X88) -> - | Z88: 0 | AA88: 0 | AB88: =IF(AA88=0,"-",Z88/AA88) -> - | AC88: 0 | AD88: 0 | AE88: =IF(AD88=0,"-",AC88/AD88) -> - | AF88: 0 | AG88: 0 | AH88: =IF(AG88=0,"-",AF88/AG88) -> - | AI88: 0 | AJ88: 0 | AK88: =IF(AJ88=0,"-",AI88/AJ88) -> - | AL88: 29 | AM88: 4 | AN88: =IF(AM88=0,"",AL88/AM88) -> 7.25 | AO88: 0 | AP88: 0 | AQ88: =IF(AP88=0,"-",AO88/AP88) -> - | AR88: 0 | AS88: 0 | AT88: =IF(AS88=0,"-",AR88/AS88) -> - | AU88: 7 | AV88: 1 | AW88: =IF(AV88=0,"",AU88/AV88) -> 7 | AX88: 0 | AY88: 0 | AZ88: =IF(AY88=0,"-",AX88/AY88) -> - | BA88: 0 | BB88: 0 | BC88: =IF(BB88=0,"-",BA88/BB88) -> - | BD88: 0 | BE88: 0 | BF88: =IF(BE88=0,"-",BD88/BE88) -> - | BG88: 0 | BH88: 0 | BI88: =IF(BH88=0,"-",BG88/BH88) -> - | BJ88: 0 | BK88: 0 | BL88: =IF(BK88=0,"-",BJ88/BK88) -> - | BM88: =BJ88+BG88+BD88+BA88+AX88+AU88+AR88+AO88+AL88+K88+Q88+N88+H88+E88+AI88+AF88+AC88+Z88+W88+B88 -> 81 | BN88: =BK88+BH88+BE88+BB88+AY88+AV88+AS88+AP88+AM88+L88+R88+O88+I88+F88+AJ88+AG88+AD88+AA88+X88+C88 -> 12 | BO88: =IF(BN88=0,"",BM88/BN88) -> 6.75
A89: 45334 | B89: 8 | C89: 1 | D89: =IF(C89=0,"",B89/C89) -> 8 | E89: 0 | F89: 0 | G89: =IF(F89=0,"-",E89/F89) -> - | H89: 0 | I89: 0 | J89: =IF(I89=0,"-",H89/I89) -> - | K89: 0 | L89: 0 | M89: =IF(L89=0,"-",K89/L89) -> - | N89: 26 | O89: 6 | P89: =IF(O89=0,"",N89/O89) -> 4.3333333 | Q89: 0 | R89: 0 | S89: =IF(R89=0,"-",Q89/R89) -> - | T89: 0 | U89: 0 | V89: =IF(U89=0,"-",T89/U89) -> - | W89: 7 | X89: 1 | Y89: =IF(X89=0,"",W89/X89) -> 7 | Z89: 0 | AA89: 0 | AB89: =IF(AA89=0,"-",Z89/AA89) -> - | AC89: 0 | AD89: 0 | AE89: =IF(AD89=0,"-",AC89/AD89) -> - | AF89: 0 | AG89: 0 | AH89: =IF(AG89=0,"-",AF89/AG89) -> - | AI89: 0 | AJ89: 0 | AK89: =IF(AJ89=0,"-",AI89/AJ89) -> - | AL89: 13 | AM89: 2 | AN89: =IF(AM89=0,"",AL89/AM89) -> 6.5 | AO89: 0 | AP89: 0 | AQ89: =IF(AP89=0,"-",AO89/AP89) -> - | AR89: 0 | AS89: 0 | AT89: =IF(AS89=0,"-",AR89/AS89) -> - | AU89: 0 | AV89: 0 | AW89: =IF(AV89=0,"-",AU89/AV89) -> - | AX89: 0 | AY89: 0 | AZ89: =IF(AY89=0,"-",AX89/AY89) -> - | BA89: 0 | BB89: 0 | BC89: =IF(BB89=0,"-",BA89/BB89) -> - | BD89: 0 | BE89: 0 | BF89: =IF(BE89=0,"-",BD89/BE89) -> - | BG89: 0 | BH89: 0 | BI89: =IF(BH89=0,"-",BG89/BH89) -> - | BJ89: 0 | BK89: 0 | BL89: =IF(BK89=0,"-",BJ89/BK89) -> - | BM89: =BJ89+BG89+BD89+BA89+AX89+AU89+AR89+AO89+AL89+K89+Q89+N89+H89+E89+AI89+AF89+AC89+Z89+W89+B89 -> 54 | BN89: =BK89+BH89+BE89+BB89+AY89+AV89+AS89+AP89+AM89+L89+R89+O89+I89+F89+AJ89+AG89+AD89+AA89+X89+C89 -> 10 | BO89: =IF(BN89=0,"",BM89/BN89) -> 5.4
